"Fuente","N_hoja","Primer_autor","Anio","Titulo","Enlace","Lectura_texto_completo","Codigo","Revisor_1","Revisor_2","Consenso"
"SciELO","5","Ugarte Silva, Ruth Giovanna","2018","Resistencia a colistín mediado por el gen mcr-1 identificado en cepas de Escherichia coli y Klebsiella pneumoniae: primeros reportes en el Perú","http://www.scielo.org.pe/scielo.php?script=sci_arttext&pid=S1025-55832018000300004&lang=es","Resistance-selected sampling (10 colistin-resistant isolates, 1 K. pneumoniae); no population denominator","E5","EXCLUIDO E5 (D.S., 7-oct-2026)","EXCLUIDO E5 (L.J.E., 7-oct-2026)","EXCLUIDO E5 [consenso D.S. + L.J.E., 7-oct-2026]"
"SciELO","6","López-Ramírez, Kelly Lelia","2018","Patrón de clonalidad mediante ERIC-PCR y REP-PCR de Escherichia coli y Klebsiella pneumoniae productores de betalactamasas de espectro extendido, aisladas de pa","http://www.scielo.org.pe/scielo.php?script=sci_arttext&pid=S1727-558X2018000200003&lang=es","Resistance-selected sampling (30 ESBL-producing isolates chosen for clonality analysis, 10 K. pneumoniae); no population denominator","E5","EXCLUIDO E5 (D.S., 7-oct-2026)","EXCLUIDO E5 (L.J.E., 7-oct-2026)","EXCLUIDO E5 [consenso D.S. + L.J.E., 7-oct-2026]"
"SciELO","9","Rivera-Jacinto, Marco","2015","Betalactamasas de espectro extendido tipo TEM y CTX-M en Klebsiella spp y Escherichia coli aisladas de superficies de ambientes hospitalarios","http://www.scielosp.org/scielo.php?script=sci_arttext&pid=S1726-46342015000400018&lang=es","Non-human isolates (hospital surfaces)","E3","EXCLUIDO E3 (D.S., 7-oct-2026)","EXCLUIDO E3 (L.J.E., 7-oct-2026)","EXCLUIDO E3 [consenso D.S. + L.J.E., 7-oct-2026]"
"SciELO","10","Rivera-Jacinto, Marco","2011","Susceptibilidad a betalactámicos y resistencia por betalactamasas de espectro extendido (BLEE) en Enterobacteriaceae aisladas de reservorios ambientales de un h","http://www.scielo.org.pe/scielo.php?script=sci_arttext&pid=S1018-130X2011000200005&lang=es","Non-human isolates (environmental reservoirs of a hospital)","E3","EXCLUIDO E3 (D.S., 7-oct-2026)","EXCLUIDO E3 (L.J.E., 7-oct-2026)","EXCLUIDO E3 [consenso D.S. + L.J.E., 7-oct-2026]"
"SciELO","11","Lezameta, Lizet","2010","Comparación de cuatro métodos fenotípicos para la detección de beta-lactamasas de espectro extendido","http://www.scielosp.org/scielo.php?script=sci_arttext&pid=S1726-46342010000300006&lang=es","No K. pneumoniae-specific 3GC data (comparison of ESBL detection methods; results not reported by species)","E7","EXCLUIDO E7 (D.S., 7-oct-2026)","EXCLUIDO E7 (L.J.E., 7-oct-2026)","EXCLUIDO E7 [consenso D.S. + L.J.E., 7-oct-2026]"
"SciELO","12","Morales, José-Luis","2005","Presencia de beta-lactamasas de espectro extendido en dos hospitales de Lima, Perú","http://www.scielo.org.pe/scielo.php?script=sci_arttext&pid=S1025-55832005000100005&lang=es","Meets all criteria: 18 consecutive clinical K. pneumoniae isolates, two Lima hospitals, Jul-Sep 2000, cefotaxime 11/18 non-susceptible (R+I), NCCLS","","INCLUIDO (D.S., 8-oct-2026)","INCLUIDO (L.J.E., 8-oct-2026)","INCLUIDO [consenso D.S. + L.J.E., 8-oct-2026]"
"SciELO","26","Aquino, Ruth","2017","Caracterización molecular de bacterias patógenas de las vías respiratorias de pacientes peruanos con fibrosis quística","http://www.scielosp.org/scielo.php?script=sci_arttext&pid=S1726-46342017000300423&lang=es","Molecular characterisation of respiratory isolates from cystic fibrosis patients; no antimicrobial susceptibility testing","E7","EXCLUIDO E7 (D.S., 7-oct-2026)","EXCLUIDO E7 (L.J.E., 7-oct-2026)","EXCLUIDO E7 [consenso D.S. + L.J.E., 7-oct-2026]"
"SciELO","27","Oliva-Menacho, José Enrique","2016","Contaminación con bacterias patógenas de estetoscopios del personal médico en un hospital de nivel III en Lima, Perú","http://www.scielo.org.pe/scielo.php?script=sci_arttext&pid=S1018-130X2016000200003&lang=es","Non-human isolates (stethoscopes)","E3","EXCLUIDO E3 (D.S., 7-oct-2026)","EXCLUIDO E3 (L.J.E., 7-oct-2026)","EXCLUIDO E3 [consenso D.S. + L.J.E., 7-oct-2026]"
"SciELO","31","Adrianzén, Diego","2013","Mortalidad por bacteriemia causada por Escherichia coli y Klebsiella spp. productoras de beta lactamasas de espectro extendido: cohorte retrospectiva en un hosp","http://www.scielosp.org/scielo.php?script=sci_arttext&pid=S1726-46342013000100004&lang=es","Klebsiella reported at genus level only (bacteraemia by E. coli or Klebsiella spp.)","E1","EXCLUIDO E1 (D.S., 7-oct-2026)","EXCLUIDO E1 (L.J.E., 7-oct-2026)","EXCLUIDO E1 [consenso D.S. + L.J.E., 7-oct-2026]"
"SciELO","34","Shimabuku, Roberto","2004","Etiología y susceptibilidad antimicrobiana de las infecciones neonatales","http://www.scielo.org.pe/scielo.php?script=sci_arttext&pid=S1025-55832004000100004&lang=es","Klebsiella reported at genus level only (Klebsiella sp. in neonatal sepsis)","E1","EXCLUIDO E1 (D.S., 7-oct-2026)","EXCLUIDO E1 (L.J.E., 7-oct-2026)","EXCLUIDO E1 [consenso D.S. + L.J.E., 7-oct-2026]"
"LILACS","2","Cabanillas-Rodríguez, Leticia","2024","E. coli y K. pneumoniae productores de BLEE, blaKPC, blaVIM y blaNDM en un hospital de referencia, Trujillo-Perú","http://www.scielo.org.bo/scielo.php?script=sci_arttext&pid=S1012-29662024000200061&lng=en&nrm=iso&tlng=en","Resistance-selected sampling (carbapenem-resistant isolates only); no population denominator","E5","EXCLUIDO E5 (D.S., 7-oct-2026)","EXCLUIDO E5 (L.J.E., 7-oct-2026)","EXCLUIDO E5 [consenso D.S. + L.J.E., 7-oct-2026]"
"LILACS","3","Sosa-Flores, Jorge Luis","2024","Antibiotic resistance of the most common bacteria isolated in blood cultures. Neonatal intensive care unit. Hospital III-1. Chiclayo, Perú 2020-2021","https://cmhnaaa.org.pe/ojs/index.php/rcmhnaaa/article/view/2425/965","Meets all criteria: 11 K. pneumoniae from neonatal ICU blood cultures, Chiclayo 2020-2021, cefotaxime 6/11 resistant, CLSI M100 30th ed.","","INCLUIDO (D.S., 8-oct-2026)","INCLUIDO (L.J.E., 8-oct-2026)","INCLUIDO [consenso D.S. + L.J.E., 8-oct-2026]"
"LILACS","5","Raraz-Vida, Jarvis","2021","Antibiotic resistance of Escherichia coli and Staphylococcus saprophyticus in urinary tract infection in a public hospital","http://iaes.edu.ve/iaespro/ojs/index.php/bmsa/article/view/371/540","No K. pneumoniae-specific 3GC data (E. coli and S. saprophyticus only)","E7","EXCLUIDO E7 (D.S., 7-oct-2026)","EXCLUIDO E7 (L.J.E., 7-oct-2026)","EXCLUIDO E7 [consenso D.S. + L.J.E., 7-oct-2026]"
"LILACS","8","Suarez, Carlos","2018","Plasmid profile determination of Escherichia coli and Klebsiella pneumoniae producers of extended spectrum ß-lactamase isolated in urocultives","http://www.scielo.org.pe/scielo.php?script=sci_arttext&pid=S1025-55832018000100007","Resistance-selected sampling (62 ESBL-producing isolates for plasmid profiling); no population denominator; same hospital and period as Gonzales 2019","E5","EXCLUIDO E5 (D.S., 7-oct-2026)","EXCLUIDO E5 (L.J.E., 7-oct-2026)","EXCLUIDO E5 [consenso D.S. + L.J.E., 7-oct-2026]"
"LILACS","9","Méndez Chacón, Pedro","2017","Urinary tract infection in renal transplant recipients","http://www.scielo.org.pe/scielo.php?script=sci_arttext&pid=S1025-55832017000100002","Meets the written criteria: 23 K. pneumoniae from urine cultures of renal transplant recipients, Lima 2002-2011, ESBL 15/23; no cephalosporin result (tier 3)","","INCLUIDO (D.S., 8-oct-2026)","INCLUIDO (L.J.E., 8-oct-2026)","INCLUIDO [consenso D.S. + L.J.E., 8-oct-2026]"
"LILACS","10","Fernández-Mogollón, Jorge","2016","Microbiological profile of a Level III Hospital, Chiclayo-Peru. 2014","http://cmhnaaa.org.pe/ojs/index.php/rcmhnaaa/article/view/141","Meets all criteria: 102 K. pneumoniae from inpatient cultures, Chiclayo 2014, ceftriaxone non-susceptible 83/102 derived from ten service tables","","INCLUIDO (D.S., 8-oct-2026)","INCLUIDO (L.J.E., 8-oct-2026)","INCLUIDO [consenso D.S. + L.J.E., 8-oct-2026]"
"LILACS","11","López Zenteno, Ninoska Liz","2015","Etiology and bacterial resistance of hospital-acquired urinary infections in the Services of Internal Medicine Hospital Dos de Mayo. January-December 2011","http://ateneo.unmsm.edu.pe/ateneo/bitstream/123456789/4710/1/Lopez_Zenteno_Ninoska_Liz_2015.pdf","Unpublished thesis","E8","EXCLUIDO E8 (D.S., 7-oct-2026)","EXCLUIDO E8 (L.J.E., 7-oct-2026)","EXCLUIDO E8 [consenso D.S. + L.J.E., 7-oct-2026]"
"LILACS","12","Pachas Serpa, Judith Justina","2014","Pattern of sensitivity","https://pesquisa.bvsalud.org/portal/resource/es/biblio-1113905","Unpublished thesis","E8","EXCLUIDO E8 (D.S., 7-oct-2026)","EXCLUIDO E8 (L.J.E., 7-oct-2026)","EXCLUIDO E8 [consenso D.S. + L.J.E., 7-oct-2026]"
"LILACS","15","Huamán Cárdenas, Víctor Raúl","2012","Detection phenotypic of enterobacteriaceae producing extended-spectrum betalactamase isolated in urine cultures of pregnant women. Lima, Peru","https://pesquisa.bvsalud.org/portal/resource/es/biblio-1113058","Unpublished thesis","E8","EXCLUIDO E8 (D.S., 7-oct-2026)","EXCLUIDO E8 (L.J.E., 7-oct-2026)","EXCLUIDO E8 [consenso D.S. + L.J.E., 7-oct-2026]"
"LILACS","17","Torres Rosas, Eliana","2010","Clinical and epidemiological characteristics of infection-producing Klebsiella pneumoniae B extended spectrum-lactamase (ESBL) in the Institute of Child Health,","https://pesquisa.bvsalud.org/portal/resource/es/lil-667195","Unpublished thesis","E8","EXCLUIDO E8 (D.S., 7-oct-2026)","EXCLUIDO E8 (L.J.E., 7-oct-2026)","EXCLUIDO E8 [consenso D.S. + L.J.E., 7-oct-2026]"
"LILACS","19","Echevarría, Juan","1998","Epidemiologic surveillance of bacterial susceptibility to the cephalosporines of third and fourth generation: multicenter study","https://pesquisa.bvsalud.org/portal/resource/es/lil-227654","Published before January 2003 (outside the publication window)","FECHA","EXCLUIDO FECHA (D.S., 7-oct-2026)","EXCLUIDO FECHA (L.J.E., 7-oct-2026)","EXCLUIDO FECHA [consenso D.S. + L.J.E., 7-oct-2026]"
"Scopus","1","Sernaque Mechato R.A.","2026","FACTORS ASSOCIATED WITH MORTALITY IN PATIENTS WITH MULTIDRUG-RESISTANT ORGANISM INFECTION","https://doi.org/10.25176/RFMH.v26i1.7893","Resistance-selected sampling (case-control study of patients with confirmed multidrug-resistant organism infection); no population denominator","E5","EXCLUIDO E5 (D.S., 8-oct-2026)","EXCLUIDO E5 (L.J.E., 8-oct-2026)","EXCLUIDO E5 [consenso D.S. + L.J.E., 8-oct-2026]"
"Scopus","2","Quino W.","2026","Genomic analysis of the virulome and resistome of high-risk Escherichia coli clones in Peru","https://doi.org/10.1093/jacamr/dlag011","No K. pneumoniae-specific 3GC data (genomic study of ESBL-producing E. coli only)","E7","EXCLUIDO E7 (D.S., 8-oct-2026)","EXCLUIDO E7 (L.J.E., 8-oct-2026)","EXCLUIDO E7 [consenso D.S. + L.J.E., 8-oct-2026]"
"Scopus","3","Gutierrez Batallanos G.","2026","High prevalence of intestinal colonization by beta-lactam resistant Enterobacterales in patients admitted to an emergency department in Lima, Peru","https://doi.org/10.1016/j.nmni.2026.101824","Published after July 2026 (4 August 2026); intestinal colonisation survey with Enterobacterales not reported by species","FECHA","EXCLUIDO FECHA (D.S., 8-oct-2026)","EXCLUIDO FECHA (L.J.E., 8-oct-2026)","EXCLUIDO FECHA [consenso D.S. + L.J.E., 8-oct-2026]"
"Scopus","6","Mayta-Barrios M.","2025","Molecular detection of carbapenemases in critical microorganisms since the onset of the COVID-19 pandemic in Peru","https://doi.org/10.1093/jacamr/dlaf203","Resistance-selected sampling (isolates submitted to the national reference laboratory for suspected carbapenemase genes); no population denominator","E5","EXCLUIDO E5 (D.S., 8-oct-2026)","EXCLUIDO E5 (L.J.E., 8-oct-2026)","EXCLUIDO E5 [consenso D.S. + L.J.E., 8-oct-2026]"
"Scopus","12","Loyola S.","2016","Extended-spectrum β-lactamase–producing Enterobacteriaceae in cell phones of health care workers from Peruvian pediatric and neonatal intensive care units","https://doi.org/10.1016/j.ajic.2016.02.020","Non-human isolates (health-care workers' cell phones)","E3","EXCLUIDO E3 (D.S., 8-oct-2026)","EXCLUIDO E3 (L.J.E., 8-oct-2026)","EXCLUIDO E3 [consenso D.S. + L.J.E., 8-oct-2026]"
