"PMID","Anio","Autor","Revista","DOI","Titulo"
"42636225","2026","Gómez de la Torre Pretell JC","PLoS One","10.1371/journal.pone.0356004","Carbapenem resistance and susceptibility to Ceftazidima/avibactam and Ceftolozane/tazobactam in Pseudomonas aeruginosa and Enterobacterales in a reference laboratory in Lima, Peru: A cross-sectional study."
"42577016","2026","Copaja-Corzo C","JAC Antimicrob Resist","10.1093/jacamr/dlag164","Klebsiella pneumoniae is associated with increased mortality versus Escherichia coli in carbapenem-susceptible Enterobacterales bacteraemia: a Peruvian cohort."
"42549896","2026","Garcia C","Microbiol Spectr","10.1128/spectrum.00762-26","In vitro susceptibility testing of aztreonam-avibactam against predominantly NDM-producing Enterobacterales in Peru."
"42531587","2026","Soto-Flores KG","Rev Peru Med Exp Salud Publica","10.17843/rpmesp.2026.432.15661","Multidrug-resistant enterobacterales carrying the acc(6')-Ian gene."
"42531584","2026","Lara-Herrera F","Rev Peru Med Exp Salud Publica","10.17843/rpmesp.2026.432.15600","Clinical and microbiological characteristics of neonates with bacteremia by NDM-producing Klebsiella pneumoniae in a Peruvian referral hospital."
"42514078","2026","Quispe Oré K","Microorganisms","10.3390/microorganisms14071573","Exploratory Genomic Characterisation of the Resistome, Virulome and Molecular Epidemiology of Multidrug-Resistant Klebsiella pneumoniae Clinical Isolates from Four Peruvian Regions."
"42385980","2026","Palomino-Farfán J","J Glob Antimicrob Resist","10.1016/j.jgar.2026.06.020","Genome-confirmed Pluralibacter gergoviae urinary tract infection in a companion animal in Peru."
"42112727","2026","Ortiz-Gómez T","J Infect Dev Ctries","10.3855/jidc.18676","Dynamics and characterization of carbapenemase-producing Enterobacterales isolated from clinical specimens in a private healthcare center in Lima, Peru, from 2018 to 2019."
"42094553","2026","Escalante EG","bioRxiv","10.64898/2026.04.28.721358","Expanding Threat of Carbapenemase-Producing Escherichia coli and Klebsiella pneumoniae in Peru: Genomic and Phenotypic Evidence of High-Risk Clones Dissemination."
"42041328","2026","Aguilar-Ancori E","Antibiotics (Basel)","10.3390/antibiotics15040365","Isolation and Characterization of a Klebsiella Phage H33IIK Targeting Multidrug-Resistant Klebsiella pneumoniae in Peru."
"41814172","2026","Aguilar-Luis D","BMC Microbiol","10.1186/s12866-026-04847-6","Genetic variants of AcrAB and OqxAB and the impact of efflux pump inhibition on ciprofloxacin and amikacin resistance in clinical isolates of Klebsiella pneumoniae from Lima, Peru."
"41725754","2026","Benavides JA","Front Public Health","10.3389/fpubh.2026.1736106","Circulation of ESBL-producing Klebsiella pneumoniae at the human-animal-environment interface in farms on the central coast of Peru."
"41383844","2025","Pérez-Lazo G","Open Forum Infect Dis","10.1093/ofid/ofaf729","Thirty-Day Mortality Associated With Carbapenemase-Producing Enterobacterales Bloodstream Infections at a Referral Hospital in Peru, 2020-2023."
"40958489","2025","Rojas-Alvarado A","Infect Chemother","10.3947/ic.2025.0022","Clinical and Economic Outcomes Associated with Complicated Urinary Tract Infections Caused by Carbapenem-resistant Enterobacterales in Patients Admitted to a Referral Center in Lima, Peru."
"40421127","2025","Palomino-Kobayashi LA","JAC Antimicrob Resist","10.1093/jacamr/dlaf089","Detection of rare β-lactamase bla (SCO-1) from a Klebsiella pneumoniae high-risk clone in Peru."
"40295561","2025","Aguilar-Ancori EG","Sci Rep","10.1038/s41598-025-97464-8","Identification of pandemic ST147, ESBL-type β-lactamases, carbapenemases, and virulence factors in Klebsiella pneumoniae isolated from southern Peru."
"39864654","2025","Brescini L","J Glob Antimicrob Resist","10.1016/j.jgar.2025.01.009","Clinical and molecular characteristics of KPC-producing Klebsiella pneumoniae bloodstream infections: Results of a multicentre study."
"39848816","2025","Gonzales-Rodriguez A","Rev Argent Microbiol","10.1016/j.ram.2024.10.008","First report of KPC-35-producing Klebsiella pneumoniae ST258 isolated in Peru."
"39792003","2025","Krapp F","Microbiol Spectr","10.1128/spectrum.01825-24","Emerging carbapenem-resistant Klebsiella pneumoniae in a tertiary care hospital in Lima, Peru."
"38444817","2024","Rabagliati R","Open Forum Infect Dis","10.1093/ofid/ofae052","An Emergent Change in Epidemiologic and Microbiological Characteristics of Bloodstream Infections in Adults With Febrile Neutropenia Resulting From Chemotherapy for Acute Leukemia and Lymphoma at Reference Centers in Chile, Ecuador, and Peru."
"38193666","2024","Cuicapuza D","Microbiol Spectr","10.1128/spectrum.02503-23","Molecular characterization of carbapenemase-producing Enterobacterales in a tertiary hospital in Lima, Peru."
"37957105","2023","Rondon C","J Infect Public Health","10.1016/j.jiph.2023.10.030","Antibiotic point prevalence survey and antimicrobial resistance in hospitalized patients across Peruvian reference hospitals."
"37893481","2023","García-Cedrón D","Medicina (Kaunas)","10.3390/medicina59101763","Carbapenemase-Producing Bacteria Isolated from ICU Patients of a Peruvian Government Hospital during the COVID-19 Pandemic: A Descriptive Analysis."
"37722663","2023","Krapp F","Am J Trop Med Hyg","10.4269/ajtmh.22-0556","Prevalence of Antimicrobial Resistance in Gram-Negative Bacteria Bloodstream Infections in Peru and Associated Outcomes: VIRAPERU Study."
"37022279","2023","Cuicapuza D","Microbiol Spectr","10.1128/spectrum.04584-22","First Report of OXA-181-Producing Enterobacterales Isolates in Latin America."
"36523569","2022","Moya-Salazar J","Braz J Vet Med","10.29374/2527-2179.bjvm000922","Detection of pathogenic Aeromonas hydrophila from two rainbow trout (Oncorhynchus mykiss) farms in Peru."
"36200470","2022","Dehbanipour R","J Clin Pharm Ther","10.1111/jcpt.13787","Acinetobacter baumannii: Pathogenesis, virulence factors, novel therapeutic options and mechanisms of resistance to antimicrobial agents with emphasis on tigecycline."
"34698586","2022","Gonzales-Escalante E","Microb Drug Resist","10.1089/mdr.2021.0128","Whole-Genome Analysis of a High-Risk Clone of Klebsiella pneumoniae ST147 Carrying Both mcr-1 and bla(NDM-1) Genes in Peru."
"34680802","2021","Pérez-Lazo G","Antibiotics (Basel)","10.3390/antibiotics10101221","Antibiotic Consumption and Its Relationship with Bacterial Resistance Profiles in ESKAPE Pathogens in a Peruvian Hospital."
"34508324","2021","Flores-Paredes W","Infect Chemother","10.3947/ic.2021.0015","Evolution of Antimicrobial Resistance Levels of ESKAPE Microorganisms in a Peruvian IV-Level Hospital."
"34166775","2021","Fuentes-Castillo D","Int J Antimicrob Agents","10.1016/j.ijantimicag.2021.106389","Global high-risk clone of extended-spectrum β-lactamase (ESBL)-producing Klebsiella pneumoniae ST307 emerging in livestock in Peru."
"33566913","2020","Naomi-Matsuoka A","Rev Peru Med Exp Salud Publica","10.17843/rpmesp.2020.374.5422","Colistin resistance in multidrug-resistant Klebsiella pneumoniae strains at a perinatal maternal institute in Lima, Peru, 2015-2018."
"33455564","2021","Morante J","Pathog Glob Health","10.1080/20477724.2020.1845479","Tolerance to disinfectants (chlorhexidine and isopropanol) and its association with antibiotic resistance in clinically-related Klebsiella pneumoniae isolates."
"33397537","2022","Arteaga-Livias K","Infect Control Hosp Epidemiol","10.1017/ice.2020.1401","A multidrug-resistant Klebsiella pneumoniae outbreak in a Peruvian hospital: Another threat from the COVID-19 pandemic."
"32932763","2020","Pons MJ","Microorganisms","10.3390/microorganisms8091392","Spread of ST348 Klebsiella pneumoniae Producing NDM-1 in a Peruvian Hospital."
"32810638","2020","Papalini C","J Glob Antimicrob Resist","10.1016/j.jgar.2020.07.028","In vitro antibacterial activity of ceftazidime/avibactam in combination against planktonic and biofilm carbapenemase-producing Klebsiella pneumoniae isolated from blood."
"31116345","2019","Miranda J","Rev Peru Med Exp Salud Publica","10.17843/rpmesp.2019.361.3765","[Antimicrobial resistance of uropathogens in older adults in a private clinic in Lima, Peru]."
"30562395","2018","Lorme F","PLoS One","10.1371/journal.pone.0206909","Acquisition of plasmid-mediated cephalosporinase producing Enterobacteriaceae after a travel to the tropics."
"29958265","2018","Gonzales Zamora JA","Medwave","10.5867/medwave.2018.03.7213","Carbapenemase-producing Klebsiella pneumoniae in Perú: Is there a need for further phenotypic and genotypic testing?"
"29924279","2018","Sarmiento AF","Rev Peru Med Exp Salud Publica","10.17843/rpmesp.2018.351.3601","[Frequency and risk factors for bacteremia caused by extendedspectrum beta-lactamase-producing enterobacteriaceae in patients of a public hospital in Lima, Peru]."
"29652297","2018","Quispe Pari JF","Medwave","10.5867/medwave.2018.02.7191","Carbapenemase producing Klebsiella pneumoniae in Peru: a case report and antimicrobial resistance discussion."
"29177386","2017","Resurrección-Delgado C","Rev Peru Med Exp Salud Publica","10.17843/rpmesp.2017.342.2615","[Klebsiella pneumoniae NEW DELHI METALO-LACTAMASE IN A PERUVIAN NATIONAL HOSPITAL]."
"28219824","2017","Horna G","J Glob Antimicrob Resist","10.1016/j.jgar.2016.12.011","Characterisation of the first KPC-2-producing Klebsiella pneumoniae ST340 from Peru."
"27409087","2016","Revoredo Rego F","Rev Gastroenterol Peru","","[Microbiological and resistance profiles of community acquired and nosocomial intra abdominal infections in surgery of National Hospital Guillermo Almenara, Lima, Peru]."
"27287559","2016","Gomez SA","Infect Genet Evol","10.1016/j.meegid.2016.06.018","Performance of a PCR assay for the rapid identification of the Klebsiella pneumoniae ST258 epidemic clone in Latin American clinical isolates."
"26810235","2016","Monari C","Adv Exp Med Biol","10.1007/5584_2015_5018","Carbapenem-Resistant Klebsiella pneumoniae: Results of a Laboratory Surveillance Program in an Italian General Hospital (August 2014-January 2015) : Surveillance of Carbapenem-resistant Klebsiella pneumoniae."
"26643537","2016","García C","Am J Trop Med Hyg","10.4269/ajtmh.15-0373","Molecular Characterization of Extended-Spectrum β-Lactamase-Producer Klebsiella pneumoniae Isolates Causing Neonatal Sepsis in Peru."
"26102102","2015","Colquechagua Aliaga F","Rev Peru Med Exp Salud Publica","","[Extended-spectrum beta-lactamase (esbl)-producing enterobacteriaceae in fecal samples at the National Institute of Child Health, Peru]."
"21393218","2011","Pallecchi L","J Antimicrob Chemother","10.1093/jac/dkr026","Small qnrB-harbouring ColE-like plasmids widespread in commensal enterobacteria from a remote Amazonas population not exposed to antibiotics."
"19364872","2009","Pallecchi L","Antimicrob Agents Chemother","10.1128/AAC.01722-08","High prevalence of qnr genes in commensal enterobacteria from healthy children in Peru and Bolivia."
"15183860","2004","Kiffer CR","Diagn Microbiol Infect Dis","10.1016/j.diagmicrobio.2004.03.003","Pharmacodynamic comparisons of antimicrobials against nosocomial isolates of escherichia coli, klebsiella pneumoniae, acinetobacter baumannii and pseudomonas aeruginosa from the MYSTIC surveillance program: the OPTAMA Program, South America 2002."
