"Authors","Title","Year","Source title","Volume","Issue","Page start","Page end","DOI","PubMed ID","Document Type","EID"
"Gonzales-Rodriguez A.; Gómez-de-la-Torre J.C.; Alvarado L.; Gonzales Escalante E.","First report of KPC-35-producing Klebsiella pneumoniae ST258 isolated in Peru; [Primer reporte de Klebsiella pneumoniae ST258 productora de KPC-35 en Perú]","2025","Revista Argentina de Microbiologia","57","1","3","7","10.1016/j.ram.2024.10.008","39848816","Short survey","2-s2.0-85215843299"
"Ymaña B.; Luque N.; Ruiz J.; Pons M.J.","Worrying levels of antimicrobial resistance in Gram-negative bacteria isolated from cell phones and uniforms of Peruvian intensive care unit workers","2022","Transactions of the Royal Society of Tropical Medicine and Hygiene","116","7","676","678","10.1093/trstmh/trab186","34993550","Article","2-s2.0-85128211298"
"García C.; Astocondor L.; Rojo-Bezares B.; Jacobs J.; Sáenz Y.","Molecular characterization of extended-spectrum β-lactamase-producer klebsiella pneumoniae isolates causing neonatal sepsis in Peru","2016","American Journal of Tropical Medicine and Hygiene","94","2","285","288","10.4269/ajtmh.15-0373","26643537","Article","2-s2.0-84957652531"
"Challapa-Mamani M.R.; Yareta J.; Fajardo-Loyola A.; Asmat Marrufo P.; Siesquen C.P.; Pino-Dueñas J.; Meza-Fernández H.; Cruz-Vargas J.A.D.L.; Marcos-Carbajal P.","Acinetobacter baumannii Co-Resistant to Extended Spectrum Beta-Lactamases and Carbapenemases in Six Peruvian Hospital Centers","2024","Microbiology Research","15","4","2650","2660","10.3390/microbiolres15040175","","Article","2-s2.0-85213467454"
"Ventura M.; Oporto-Llerena R.; Espinoza K.; Guibert F.; Quispe A.M.; Vilar N.; López M.; Rojo-Bezares B.; Sáenz Y.; Ruiz J.; Pons M.J.","Antimicrobial resistance and associated risk factors in Escherichia coli isolated from Peruvian dogs: A focus on extended-spectrum β-lactamases and colistin","2024","Veterinary World","17","4","880","887","10.14202/vetworld.2024.880-887","","Article","2-s2.0-85202690499"
"Achong-Sánchez J.; Lazo-Paredes R.; Amado-Tineo J.","MICROBIOLOGICAL PROFILE OF ANTIMICROBIAL SENSITIVITY AND RESISTANCE IN A GENERAL HOSPITAL IN THE PERUVIAN JUNGLE, 2021; [PERFIL MICROBIOLÓGICO DE SENSIBILIDAD Y RESISTENCIA ANTIMICROBIANA EN UN HOSPITAL GENERAL DE LA SELVA PERUANA 2021]","2024","Revista de la Facultad de Medicina Humana","24","4","38","45","10.25176/RFMH.v24i4.6573","","Article","2-s2.0-85210296620"
"Ortiz-Gómez T.; Barrón-Pastor H.; Tamariz J.; Loyola S.","Dynamics and characterization of carbapenemase-producing Enterobacterales isolated from clinical specimens in a private healthcare center in Lima, Peru, from 2018 to 2019","2026","Journal of Infection in Developing Countries","20","4","530","536","10.3855/jidc.18676","42112727","Article","2-s2.0-105038485008"
"Nadimpalli M.L.; Rojas Salvatierra L.; Chakraborty S.; Swarthout J.M.; Cabrera L.Z.; Pickering A.J.; Calderon M.; Saito M.; Gilman R.H.; Pajuelo M.J.","Effects of breastfeeding on children’s gut colonization with multidrug-resistant Enterobacterales in peri-urban Lima, Peru","2024","Gut Microbes","16","1","","","10.1080/19490976.2024.2309681","38300753","Article","2-s2.0-85184205802"
"Morante J.; Quispe A.M.; Ymaña B.; Moya-Salazar J.; Luque N.; Soza G.; Ramos Chirinos M.; Pons M.J.","Tolerance to disinfectants (chlorhexidine and isopropanol) and its association with antibiotic resistance in clinically-related Klebsiella pneumoniae isolates","2021","Pathogens and Global Health","115","1","53","60","10.1080/20477724.2020.1845479","33455564","Article","2-s2.0-85099927921"
"Flores-Paredes W.; Luque N.; Albornoz R.; Rojas N.; Espinoza M.; Ruiz J.; Pons M.J.","Prevalence and antimicrobial resistance of non-ESKAPE-Ec Enterobacteriales in a IV-level hospital in Lima, Peru","2021","Acta Microbiologica Hellenica","66","2","155","165","","","Article","2-s2.0-85129665297"
"Ballesté-Delpierre C.; Ramírez Á.; Muñoz L.; Longshaw C.; Roca I.; Vila J.","Assessment of In Vitro Cefiderocol Susceptibility and Comparators against an Epidemiologically Diverse Collection of Acinetobacter baumannii Clinical Isolates","2022","Antibiotics","11","2","","","10.3390/antibiotics11020187","","Article","2-s2.0-85123979529"
"Dao T.L.; Hoang V.T.; Magmoun A.; Ly T.D.A.; Baron S.A.; Hadjadj L.; Canard N.; Drali T.; Gouriet F.; Raoult D.; Parola P.; Marty P.; Rolain J.-M.; Gautret P.","Acquisition of multidrug-resistant bacteria and colistin resistance genes in French medical students on internships abroad","2021","Travel Medicine and Infectious Disease","39","","","","10.1016/j.tmaid.2020.101940","33248262","Article","2-s2.0-85097374883"
"Lorme F.; Maataoui N.; Rondinaud E.; Esposito-Farèse M.; Clermont O.; Ruppe E.; Arlet G.; Genel N.; Matheron S.; Andremont A.; Armand-Lefevre L.","Acquisition of plasmid-mediated cephalosporinase producing Enterobacteriaceae after a travel to the tropics","2018","PLOS One","13","12","","","10.1371/journal.pone.0206909","30562395","Article","2-s2.0-85058717129"
"Guzmán-Blanco M.; Labarca J.A.; Villegas M.V.; Gotuzzo E.","Extended spectrum β-lactamase producers among nosocomial Enterobacteriaceae in Latin America","2014","Brazilian Journal of Infectious Diseases","18","4","421","433","10.1016/j.bjid.2013.10.005","24389277","Short survey","2-s2.0-84904042954"
"Palomino-Kobayashi L.A.; Egoávil-Espejo R.; Salvador-Luján G.; Yáñez P.; Gavilán R.G.; Pons M.J.; Ruiz J.","Detection of rare β-lactamase blaSCO-1 from a Klebsiella pneumoniae high-risk clone in Peru","2025","JAC-Antimicrobial Resistance","7","3","","","10.1093/jacamr/dlaf089","","Article","2-s2.0-105006732124"
"Krapp F.; Garcıa C.; Hinostroza N.; Astocondor L.; Rondon C.R.; Ingelbeen B.; Alpaca-Salvador H.A.; Amaro C.; Ventura C.A.; Barco-Yaipen E.; Fernandez C.B.; Briones A.; Burgos A.; Campana R.; Castillo K.; Castañeda-Sabogal A.; Coaquira A.; Concha-Velasco F.; Cuadros E.C.; Chincha O.; Diaz J.C.; Sipion R.D.; Fernandez V.; Hueda-Zavaleta M.; Lopez E.; Valera-Krumdieck M.; Vasquez R.; Vidaurre Torres A.M.; Villegas-Chiroque M.; Lopez F.S.; Sullon Zavaleta P.A.; Chavez E.S.; Peralta E.P.; Cordova T.P.; Pino-Dueñas J.E.; Jacobs J.","Prevalence of Antimicrobial Resistance in Gram-Negative Bacteria Bloodstream Infections in Peru and Associated Outcomes: VIRAPERU Study","2023","American Journal of Tropical Medicine and Hygiene","109","5","1095","1106","10.4269/ajtmh.22-0556","37722663","Article","2-s2.0-85176495333"
"Pérez-Lazo G.; Abarca-Salazar S.; Lovón R.; Rojas R.; Ballena-López J.; Morales-Moreno A.; Flores-Paredes W.; Arenas-Ramírez B.; Illescas L.R.","Antibiotic consumption and its relationship with bacterial resistance profiles in eskape pathogens in a peruvian hospital","2021","Antibiotics","10","10","","","10.3390/antibiotics10101221","","Article","2-s2.0-85117265328"
"García C.; Horna G.; Linares E.; Ramírez R.; Tapia E.; Velásquez J.; Medina V.; Guevara J.; Urbina M.; Zevallos S.; Espinoza N.; Samalvides F.; Jacobs J.","Antimicrobial drug resistance in Peru","2012","Emerging Infectious Diseases","18","3","520","521","10.3201/eid1803.100878","22377436","Letter","2-s2.0-84857578431"
"Bazalar-Gonzales J.; Silvestre-Espejo T.; Rodríguez Cueva C.; Carhuaricra Huamán D.; Ignación León Y.; Luna Espinoza L.; Rosadio Alcántara R.; Maturrano Hernández L.","Genomic insights into ESBL-producing Escherichia coli isolated from non-human primates in the Peruvian Amazon","2023","Frontiers in Veterinary Science","10","","","","10.3389/fvets.2023.1340428","","Article","2-s2.0-85183675903"
"Moya-Salazar J.; Díaz C.R.; Cañari B.; Badillo R.X.; Verano-Zelada M.; Chicoma-Flores K.; Contreras-Pulache H.","Detection of pathogenic Aeromonas hydrophila from two rainbow trout (Oncorhynchus mykiss) farms in Peru; [Detecção de Aeromonas hydrophila em dois psicigranges de truta arco-íris (Oncorhynchus mykiss) em Peru]","2022","Revista Brasileira de Medicina Veterinaria","44","","","","10.29374/2527-2179.bjvm000922","","Article","2-s2.0-85144397103"
"Resurrección-Delgado C.; Montenegro-Idrogo J.J.; Chiappe-Gonzalez A.; Vargas-Gonzales R.; Cucho-Espinoza C.; Mamani-Condori D.H.; Huaroto-Valdivia L.M.","Klebsiella pneumoniae New Delhi metalo-lactamase in a Peruvian national hospital; [Klebsiella pneumoniae Nueva Delhi metalo-betalactamasa en el hospital nacional dos de mayo. Lima, Perú]","2017","Revista Peruana de Medicina Experimental y Salud Publica","34","2","261","267","10.17843/rpmesp.2017.342.2615","29177386","Article","2-s2.0-85028954905"
"Fuentes-Castillo D.; Shiva C.; Lincopan N.; Sano E.; Fontana H.; Streicker D.G.; Mahamat O.O.; Falcon N.; Godreuil S.; Benavides J.A.","Global high-risk clone of extended-spectrum β-lactamase (ESBL)-producing Klebsiella pneumoniae ST307 emerging in livestock in Peru","2021","International Journal of Antimicrobial Agents","58","3","","","10.1016/j.ijantimicag.2021.106389","34166775","Letter","2-s2.0-85111030424"
"Flores-Paredes W.; Luque N.; Albornoz R.; Rojas N.; Espinoza M.; Pons M.J.; Ruiz J.","Evolution of antimicrobial resistance levels of eskape microorganisms in a peruvian iv-level hospital","2021","Infection and Chemotherapy","53","","","","10.3947/IC.2021.0015","","Article","2-s2.0-85115123324"
"Rondon C.; Garcia C.; Krapp F.; Machaca I.; Olivera M.; Fernández V.; Villegas M.; Vilcapoma P.; Casapia M.; Concha-Velasco F.; Díaz J.C.; Sarmiento F.; Guillermo R.; Farnham A.; Sutter S.T.; Kuenzli E.","Antibiotic point prevalence survey and antimicrobial resistance in hospitalized patients across Peruvian reference hospitals","2023","Journal of Infection and Public Health","16","","52","60","10.1016/j.jiph.2023.10.030","37957105","Article","2-s2.0-85176914103"
"Mendes Oliveira V.R.; Paiva M.C.; Lima W.G.","Plasmid-mediated colistin resistance in Latin America and Caribbean: A systematic review","2019","Travel Medicine and Infectious Disease","31","","","","10.1016/j.tmaid.2019.07.015","31336179","Review","2-s2.0-85069570314"
"Quispe A.M.; Soza G.; Chirinos M.R.; Quiroz D.; Pons M.J.","Multidrug resistance bacteremia in neonates and its association with late-onset sepsis and Coagulase-negative Staphylococci","2020","Journal of Infection in Developing Countries","14","11","1256","1263","10.3855/jidc.12568","33296338","Article","2-s2.0-85097916191"
"Chilon-Chavez M.A.; Muñoz-Inga J.G.; Silva-Díaz H.","MICROBIOLOGICAL PROFILE OF ISOLATED MICROORGANISMS FROM PATIENTS IN INTENSIVE CARE UNITS OF A HOSPITAL IN LAMBAYEQUE, PERU, 2019-2020; [PERFIL MICROBIOLÓGICO DE MICROORGANISMOS AISLADOS DE PACIENTES EN UNIDADES DE CUIDADOS INTENSIVOS DE UN HOSPITAL DE LAMBAYEQUE, PERÚ, 2019-2020]","2022","Revista de la Facultad de Medicina Humana ","22","2","428","437","10.25176/RFMH.v22i2.4275","","Article","2-s2.0-85196738620"
"Palomino-Farfán J.; Dávila-Barclay A.; Alvarez L.; Siuce J.; Cuicapuza D.; Castro A.; Tsukayama P.; Salvatierra G.","Genome-confirmed Pluralibacter gergoviae urinary tract infection in a companion animal in Peru","2026","Journal of Global Antimicrobial Resistance","50","","204","208","10.1016/j.jgar.2026.06.020","42385980","Article","2-s2.0-105045653410"
"Custodio M.; Peñaloza R.; Ordinola-Zapata A.; Peralta-Ortiz T.; Sánches-Suárez H.; Vieyra-Peña E.; De la Cruz H.; Alvarado-Ibáñez J.","Diversity of enterobacterales in sediments of lagoons with fish farming activity and analysis of antibiotic resistance","2023","Toxicology Reports","10","","235","244","10.1016/j.toxrep.2023.02.002","","Article","2-s2.0-85150362961"
"Kiffer C.R.V.; Mendes C.; Kuti J.L.; Nicolau D.P.","Pharmacodynamic comparisons of antimicrobials against nosocomial isolates of Escherichia coli, Klebsiella pneumoniae, Acinetobacter baumannii and Pseudomonas aeruginosa from the MYSTIC surveillance program: The OPTAMA Program, South America 2002","2004","Diagnostic Microbiology and Infectious Disease","49","2","109","116","10.1016/j.diagmicrobio.2004.03.003","15183860","Article","2-s2.0-2942525273"
"Gonzales-Escalante E.; Ruggiero M.; Cerdeira L.; Esposito F.; Fontana H.; Lincopan N.; Gutkind G.; DI Conza J.","Whole-Genome Analysis of a High-Risk Clone of Klebsiella pneumoniae ST147 Carrying Both mcr-1 and blaNDM-1Genes in Peru","2022","Microbial Drug Resistance","28","2","171","179","10.1089/mdr.2021.0128","34698586","Article","2-s2.0-85124635240"
