"Authors","Title","Year","Source title","Volume","Issue","Page start","Page end","DOI","Document Type","EID"
"Gonzales-Rodriguez A.; Gómez-de-la-Torre J.C.; Alvarado L.; Gonzales Escalante E.","First report of KPC-35-producing Klebsiella pneumoniae ST258 isolated in Peru; [Primer reporte de Klebsiella pneumoniae ST258 productora de KPC-35 en Perú]","2025","Revista Argentina de Microbiologia","57","1","3","7","10.1016/j.ram.2024.10.008","Short survey","2-s2.0-85215843299"
"Challapa-Mamani M.R.; Yareta J.; Fajardo-Loyola A.; Asmat Marrufo P.; Siesquen C.P.; Pino-Dueñas J.; Meza-Fernández H.; Cruz-Vargas J.A.D.L.; Marcos-Carbajal P.","Acinetobacter baumannii Co-Resistant to Extended Spectrum Beta-Lactamases and Carbapenemases in Six Peruvian Hospital Centers","2024","Microbiology Research","15","4","2650","2660","10.3390/microbiolres15040175","Article","2-s2.0-85213467454"
"Ortiz-Gómez T.; Barrón-Pastor H.; Tamariz J.; Loyola S.","Dynamics and characterization of carbapenemase-producing Enterobacterales isolated from clinical specimens in a private healthcare center in Lima, Peru, from 2018 to 2019","2026","Journal of Infection in Developing Countries","20","4","530","536","10.3855/jidc.18676","Article","2-s2.0-105038485008"
"Miranda J.; Pinto J.; Faustino Arias D.M.; Sánchez-Jacinto B.; Ramirez F.","Antimicrobial resistance of uropathogens in older adults in a private clinic in Lima, Peru; [Resistencia antimicrobiana de uropatógenos en adultos mayores de una clínica privada de Lima, Perú]","2019","Revista Peruana de Medicina Experimental y Salud Publica","36","1","87","92","10.17843/rpmesp.2019.361.3765","Article","2-s2.0-85066462713"
"Pérez-Lazo G.; Sandoval-Ahumada R.; Tairo-Cerron C.; Ballena-López J.; Soto-Febres F.; Loyola S.","Thirty-Day Mortality Associated With Carbapenemase-Producing Enterobacterales Bloodstream Infections at a Referral Hospital in Peru, 2020–2023","2025","Open Forum Infectious Diseases","12","12","","","10.1093/ofid/ofaf729","Article","2-s2.0-105025679617"
"Pallecchi L.; Riccobono E.; Mantella A.; Fernandez C.; Bartalesi F.; Rodriguez H.; Gotuzzo E.; Bartoloni A.; Rossolini G.M.","Small qnrB-harbouring ColE-like plasmids widespread in commensal enterobacteria from a remote Amazonas population not exposed to antibiotics","2011","Journal of Antimicrobial Chemotherapy","66","5","1176","1178","10.1093/jac/dkr026","Letter","2-s2.0-79954614858"
"Flores-Paredes W.; Luque N.; Albornoz R.; Rojas N.; Espinoza M.; Ruiz J.; Pons M.J.","Prevalence and antimicrobial resistance of non-ESKAPE-Ec Enterobacteriales in a IV-level hospital in Lima, Peru","2021","Acta Microbiologica Hellenica","66","2","155","165","","Article","2-s2.0-85129665297"
"Olarte J.B.P.; Napuri F.E.T.; Gonzales E.L.; Chirinos J.F.K.; Espinoza J.H.C.; Almeyda M.D.; Pereyra D.E.A.; Galindo J.S.A.; Rosas C.E.U.","Antibiotic use and the threat of microbial resistance; [El uso de antibióticos y la amenaza de resistencia microbiana]","2025","Salud(i)Ciencia ","26","5-6","235","248","10.21840/siic/175657","Article","2-s2.0-105018936060"
"Ballesté-Delpierre C.; Ramírez Á.; Muñoz L.; Longshaw C.; Roca I.; Vila J.","Assessment of In Vitro Cefiderocol Susceptibility and Comparators against an Epidemiologically Diverse Collection of Acinetobacter baumannii Clinical Isolates","2022","Antibiotics","11","2","","","10.3390/antibiotics11020187","Article","2-s2.0-85123979529"
"Salgado-Caxito M.; Léon D.; Bardales O.; Jara L.M.; Medrano P.; Murga C.; Pérez V.; Aylas-Jurado B.; Su-Tello R.; Najarro J.; Salvador-Tasayco E.; Farrugia-Audri J.; Shiva C.; Benavides J.A.","Unexplained High Prevalence of ESBL-Escherichia coli Among Cattle and Pigs in Peru","2025","Antibiotics","14","9","","","10.3390/antibiotics14090867","Article","2-s2.0-105017382826"
"Roach D.; Waalkes A.; Abanto J.; Zunt J.; Cucho C.; Soria J.; Salipante S.J.","Whole genome sequencing of peruvian Klebsiella pneumoniae identifies novel plasmid vectors bearing carbapenem resistance gene NDM-1","2020","Open Forum Infectious Diseases","7","8","","","10.1093/ofid/ofaa266","Article","2-s2.0-85092077936"
"Guzmán-Blanco M.; Labarca J.A.; Villegas M.V.; Gotuzzo E.","Extended spectrum β-lactamase producers among nosocomial Enterobacteriaceae in Latin America","2014","Brazilian Journal of Infectious Diseases","18","4","421","433","10.1016/j.bjid.2013.10.005","Short survey","2-s2.0-84904042954"
"Gonzales-Rodríguez A.O.; Horna J.I.C.; Escalante E.G.","IDENTIFICATION OF MULTIDRUG-RESISTANT ENTEROBACTERIACEAE IN FECAL SAMPLES FROM INFANTS RESIDING IN TALARA, PIURA, PERU","2022","Revista Peruana de Medicina Experimental y Salud Publica","39","4","456","462","10.17843/rpmesp.2022.394.11870","Article","2-s2.0-85149213143"
"Copaja-Corzo C.; Mazza-Diaz C.; Tairo-Cerron C.; Sandoval-Ahumada R.; Ballena-López J.; Flores-Cohaila J.; Miranda-Chavez B.; Pérez-Lazo G.","Klebsiella pneumoniae is associated with increased mortality versus Escherichia coli in carbapenem-susceptible Enterobacterales bacteraemia: a Peruvian cohort","2026","JAC-Antimicrobial Resistance","8","4","","","10.1093/jacamr/dlag164","Article","2-s2.0-105046727314"
"Gonzales E.; Patiño L.; Ore E.; Martínez V.; Moreno S.; Cruzado N.B.; Rojas R.; del Carmen Quispe M.; Carbonell I.; Villarreal F.; Maza G.; Olivo J.; Vicuña R.; Bustamante D.","Extended spectrum type CTX-M β-lactamases in clinical infections caused by Escherichia coli y Klebsiella pneumoniae at the Instituto Nacional de Salud del Niño-Breña, Lima, Peru; [β-lactamasas de espectro extendido tipo CTX-M en aislamientos clínicos de Escherichia coli y Klebsiella pneumoniae en el Instituto Nacional de Salud del Niño-Breña, Lima, Perú]","2020","Revista Medica Herediana","30","4","242","248","10.20453/RMH.V30I4.3659","Article","2-s2.0-85124017560"
"Mayta-Barrios M.; Ramírez-Illescas J.; Pacori J.; Acosta J.; Pampa-Espinoza L.; Silva-Valencia J.; Núñez-Llanos A.; Bendezú C.; Serrano K.; Yagui-Moscoso M.; Dijango T.; Rosas G.; Chávez H.; Cano M.; Urbano A.; Hernández R.; Salazar A.; Amaro K.; Salazar E.; Figueroa J.; Diaz J.; Cruzado M.; Príncipe F.; Paredes B.; Paúcar C.; Sandoval R.; Chávez M.; Sierra E.; Rojas C.; Valera C.; Bohorquez D.; Salvador G.; Cucho C.; Soto J.; Pissani R.; Huaytaya T.; Sosa G.; Vela T.; Quispe C.; Virna P.; Paredes K.; Olivares A.; Berrios P.; Tapia E.; Lagos J.; Castro A.; Alva J.; Palacin D.; Cárdenas F.; Campos N.; Torres J.; Rodríguez M.; Mezarina E.; Manchaca N.; Castillo K.; Zambrano J.; Tacanga L.; Salinas I.; San Martín A.; Ruíz M.; Jiménez M.; Encinas C.; Díaz J.; Rivera A.; Padilla S.; Tica N.; Gutiérrez M.; Yovera A.; Sipión R.; Ramos M.; Cornejo P.; Vargas A.; Galindo M.; Ramos R.; Araujo C.; Rufo D.; Curo J.; Shaveta G.; Urcia A.; Fernández O.; Contreras H.; Rivadeneyra I.; Herrera J.; Briones A.; Valdez D.; Pino J.; Gonzales E.; Liendo G.; Cayulla D.; Palacios R.; Estrella D.; Suarez N.; Ortiz W.","Molecular detection of carbapenemases in critical microorganisms since the onset of the COVID-19 pandemic in Peru","2025","JAC-Antimicrobial Resistance","7","6","","","10.1093/jacamr/dlaf203","Article","2-s2.0-105021475356"
"Krapp F.; Garcıa C.; Hinostroza N.; Astocondor L.; Rondon C.R.; Ingelbeen B.; Alpaca-Salvador H.A.; Amaro C.; Ventura C.A.; Barco-Yaipen E.; Fernandez C.B.; Briones A.; Burgos A.; Campana R.; Castillo K.; Castañeda-Sabogal A.; Coaquira A.; Concha-Velasco F.; Cuadros E.C.; Chincha O.; Diaz J.C.; Sipion R.D.; Fernandez V.; Hueda-Zavaleta M.; Lopez E.; Valera-Krumdieck M.; Vasquez R.; Vidaurre Torres A.M.; Villegas-Chiroque M.; Lopez F.S.; Sullon Zavaleta P.A.; Chavez E.S.; Peralta E.P.; Cordova T.P.; Pino-Dueñas J.E.; Jacobs J.","Prevalence of Antimicrobial Resistance in Gram-Negative Bacteria Bloodstream Infections in Peru and Associated Outcomes: VIRAPERU Study","2023","American Journal of Tropical Medicine and Hygiene","109","5","1095","1106","10.4269/ajtmh.22-0556","Article","2-s2.0-85176495333"
"Pérez-Lazo G.; Abarca-Salazar S.; Lovón R.; Rojas R.; Ballena-López J.; Morales-Moreno A.; Flores-Paredes W.; Arenas-Ramírez B.; Illescas L.R.","Antibiotic consumption and its relationship with bacterial resistance profiles in eskape pathogens in a peruvian hospital","2021","Antibiotics","10","10","","","10.3390/antibiotics10101221","Article","2-s2.0-85117265328"
"García C.; Horna G.; Linares E.; Ramírez R.; Tapia E.; Velásquez J.; Medina V.; Guevara J.; Urbina M.; Zevallos S.; Espinoza N.; Samalvides F.; Jacobs J.","Antimicrobial drug resistance in Peru","2012","Emerging Infectious Diseases","18","3","520","521","10.3201/eid1803.100878","Letter","2-s2.0-84857578431"
"Sernaque Mechato R.A.; Incio Herles J.A.; Ayasta Vallejo R.E.V.; Almanza Cáceres L.E.; Ñaupari Jara S.R.S.; Itusaca N.; Mendoza Barreto F.M.","FACTORS ASSOCIATED WITH MORTALITY IN PATIENTS WITH MULTIDRUG-RESISTANT ORGANISM INFECTION; [FACTORES ASOCIADOS A MORTALIDAD EN PACIENTES CON INFECCIÓN POR GÉRMENES MULTIDROGORRESISTENTES]","2026","Revista de la Facultad de Medicina Humana","26","1","92","103","10.25176/RFMH.v26i1.7893","Article","2-s2.0-105041274735"
"Quino W.; Caro-Castro J.; Orellana-Peralta F.; Flores-León D.; Hurtado V.; Bendezú-Hernández C.; Gavilán R.G.","Genomic analysis of the virulome and resistome of high-risk Escherichia coli clones in Peru","2026","JAC-Antimicrobial Resistance","8","1","","","10.1093/jacamr/dlag011","Article","2-s2.0-105029261151"
"Pons M.J.; Marí-Almirall M.; Ymaña B.; Moya-Salazar J.; Muñoz L.; Sauñe S.; Salazar-Hernández R.; Vila J.; Roca I.","Spread of st348 klebsiella pneumoniae producing NDM-1 in a peruvian hospital","2020","Microorganisms","8","9","1","10","10.3390/microorganisms8091392","Article","2-s2.0-85091384715"
"Bazalar-Gonzales J.; Silvestre-Espejo T.; Rodríguez Cueva C.; Carhuaricra Huamán D.; Ignación León Y.; Luna Espinoza L.; Rosadio Alcántara R.; Maturrano Hernández L.","Genomic insights into ESBL-producing Escherichia coli isolated from non-human primates in the Peruvian Amazon","2023","Frontiers in Veterinary Science","10","","","","10.3389/fvets.2023.1340428","Article","2-s2.0-85183675903"
"Resurrección-Delgado C.; Montenegro-Idrogo J.J.; Chiappe-Gonzalez A.; Vargas-Gonzales R.; Cucho-Espinoza C.; Mamani-Condori D.H.; Huaroto-Valdivia L.M.","Klebsiella pneumoniae New Delhi metalo-lactamase in a Peruvian national hospital; [Klebsiella pneumoniae Nueva Delhi metalo-betalactamasa en el hospital nacional dos de mayo. Lima, Perú]","2017","Revista Peruana de Medicina Experimental y Salud Publica","34","2","261","267","10.17843/rpmesp.2017.342.2615","Article","2-s2.0-85028954905"
"Krapp F.; Cuicapuza D.; Salvatierra G.; Buteau J.P.; Amaro C.; Astocondor L.; Hinostroza N.; Jacobs J.; García C.; Tsukayama P.","Emerging carbapenem-resistant Klebsiella pneumoniae in a tertiary care hospital in Lima, Peru","2025","Microbiology Spectrum ","13","2","","","10.1128/spectrum.01825-24","Article","2-s2.0-85217914052"
"Gutierrez Batallanos G.; Madrid A.; Varillas E.; Hinostroza N.; Krapp F.","High prevalence of intestinal colonization by beta-lactam resistant Enterobacterales in patients admitted to an emergency department in Lima, Peru","2026","New Microbes and New Infections","73","","","","10.1016/j.nmni.2026.101824","Article","2-s2.0-105047218591"
"Aguilar-Ancori E.; Marin-Carrasco M.; Nuñez-Carazas D.; Espinoza-Culupú A.; Ramirez P.; Mamani-Zapana E.","Isolation and Characterization of a Klebsiella Phage H33IIK Targeting Multidrug-Resistant Klebsiella pneumoniae in Peru","2026","Antibiotics","15","4","","","10.3390/antibiotics15040365","Article","2-s2.0-105037274111"
"Rojas-Alvarado A.; Dioses-Diaz K.; Sandoval-Ahumada R.; Pérez-Lazo G.","Clinical and Economic Outcomes Associated with Complicated Urinary Tract Infections Caused by Carbapenem-resistant Enterobacterales in Patients Admitted to a Referral Center in Lima, Peru","2025","Infection and Chemotherapy","57","3","340","348","10.3947/ic.2025.0022","Article","2-s2.0-105017384482"
"Flores-Paredes W.; Luque N.; Albornoz R.; Rojas N.; Espinoza M.; Pons M.J.; Ruiz J.","Evolution of antimicrobial resistance levels of eskape microorganisms in a peruvian iv-level hospital","2021","Infection and Chemotherapy","53","","","","10.3947/IC.2021.0015","Article","2-s2.0-85115123324"
"Alarcón Calle M.Á.; Rodrigo Rojas M.E.; Salas Asencios R.; Yareta Yareta J.L.; Carbajal P.M.","MUSCA DOMESTICA AS A VECTOR OF COLISTIN-RESISTANT BACTERIA FROM LANDFILLS AT TWO MARKETS IN SANTA ANITA-LIMA; [MUSCA DOMESTICA COMO VECTOR DE BACTERIAS RESISTENTES A COLISTINA PROVENIENTES DE VERTEDEROS DE DOS MERCADOS EN SANTA ANITA-LIMA]","2026","Revista de la Facultad de Medicina Humana","26","2","10","17","10.25176/RFMH.v26i2.8035","Article","2-s2.0-105046034132"
"Falconí Sarmiento A.; Nolasco Mejia M.; Bedoya Rozas A.; Amaro Giraldo C.; Málaga G.","Frequency and risk factors for bacteremia caused by extended-spectrum beta-lactamase-producing enterobacteriaceae in patients of a public hospital in Lima, Peru; [Frecuencia y factores de riesgo para bacteriemia por enterobacterias productoras de betalactamasa de espectro extendido en pacientes de un hospital público de Lima, Perú]","2018","Revista Peruana de Medicina Experimental y Salud Publica","35","1","62","67","10.17843/rpmesp.2018.351.3601","Article","2-s2.0-85047804067"
"Mendes Oliveira V.R.; Paiva M.C.; Lima W.G.","Plasmid-mediated colistin resistance in Latin America and Caribbean: A systematic review","2019","Travel Medicine and Infectious Disease","31","","","","10.1016/j.tmaid.2019.07.015","Review","2-s2.0-85069570314"
"Quispe A.M.; Soza G.; Chirinos M.R.; Quiroz D.; Pons M.J.","Multidrug resistance bacteremia in neonates and its association with late-onset sepsis and Coagulase-negative Staphylococci","2020","Journal of Infection in Developing Countries","14","11","1256","1263","10.3855/jidc.12568","Article","2-s2.0-85097916191"
"Horna G.; Velasquez J.; Fernández N.; Tamariz J.; Ruiz J.","Characterisation of the first KPC-2-producing Klebsiella pneumoniae ST340 from Peru","2017","Journal of Global Antimicrobial Resistance","9","","36","40","10.1016/j.jgar.2016.12.011","Article","2-s2.0-85016444183"
"Palomino-Farfán J.; Dávila-Barclay A.; Alvarez L.; Siuce J.; Cuicapuza D.; Castro A.; Tsukayama P.; Salvatierra G.","Genome-confirmed Pluralibacter gergoviae urinary tract infection in a companion animal in Peru","2026","Journal of Global Antimicrobial Resistance","50","","204","208","10.1016/j.jgar.2026.06.020","Article","2-s2.0-105045653410"
"López-Hinostroza M.; Dávila J.; Asencio A.Y.; Moya-Salazar J.","Confluent cavitated nodules in invasive mucinous adenocarcinoma: A case report","2023","Electronic Journal of General Medicine","20","4","","","10.29333/ejgm/13151","Article","2-s2.0-85158853171"
"Gonzales-Escalante E.; Ruggiero M.; Cerdeira L.; Esposito F.; Fontana H.; Lincopan N.; Gutkind G.; DI Conza J.","Whole-Genome Analysis of a High-Risk Clone of Klebsiella pneumoniae ST147 Carrying Both mcr-1 and blaNDM-1Genes in Peru","2022","Microbial Drug Resistance","28","2","171","179","10.1089/mdr.2021.0128","Article","2-s2.0-85124635240"
"Aguilar-Ancori E.G.; Marin-Carrasco M.; Campo-Pfuyo L.I.; Muñiz-Duran J.G.; Espinoza-Culupú A.","Identification of pandemic ST147, ESBL-type β-lactamases, carbapenemases, and virulence factors in Klebsiella pneumoniae isolated from southern Peru","2025","Scientific Reports","15","1","","","10.1038/s41598-025-97464-8","Article","2-s2.0-105003781332"
"Colquechagua Aliaga F.; Sevilla Andrade C.; Gonzales Escalante E.","Extended-spectrum beta-lactamase (Esbl)-producing enterobacteriaceae in fecal samples at the national institute of child health, Peru; [Enterobacterias productoras de betalactamasas de espectro extendido en muestras fecales en el instituto nacional de salud del niño, Perú]","2015","Revista Peruana de Medicina Experimental y Salud Publica","32","1","26","32","10.17843/rpmesp.2015.321.1571","Article","2-s2.0-84930623757"
"Emelin Cruz C.; Palomino-Farfán J.; Juan Siuce M.; Sonia Calle E.","Genetic detection of carbapenemase producing Klebsiella pneumoniae isolated from clinical symptoms of dogs and cats; [Detección genética de Klebsiella pneumoniae productoras de carbapenemasas aisladas de cuadros clínicos de perros y gatos]","2026","Revista de Investigaciones Veterinarias del Peru","37","2","","","10.15381/rivep.v37i2.33294","Article","2-s2.0-105044040038"
"Rabagliati R.; Salazar G.; Pérez-Laz G.; Iturrieta M.P.; Portillo D.; Soria-Segarr C.; Ojeda M.J.; Flores J.; Galarza M.; Sandoval-Ahumad R.; Aguilera P.C.; Dimitrakis L.; Reinoso F.A.; Garcia P.","An Emergent Change in Epidemiologic and Microbiological Characteristics of Bloodstream Infections in Adults With Febrile Neutropenia Resulting From Chemotherapy for Acute Leukemia and Lymphoma at Reference Centers in Chile, Ecuador, and Peru","2024","Open Forum Infectious Diseases","11","3","","","10.1093/ofid/ofae052","Article","2-s2.0-85187151899"
"Ymaña B.; Luque N.; Ruiz J.; Pons M.J.","Worrying levels of antimicrobial resistance in Gram-negative bacteria isolated from cell phones and uniforms of Peruvian intensive care unit workers","2022","Transactions of the Royal Society of Tropical Medicine and Hygiene","116","7","676","678","10.1093/trstmh/trab186","Article","2-s2.0-85128211298"
"García C.; Astocondor L.; Rojo-Bezares B.; Jacobs J.; Sáenz Y.","Molecular characterization of extended-spectrum β-lactamase-producer klebsiella pneumoniae isolates causing neonatal sepsis in Peru","2016","American Journal of Tropical Medicine and Hygiene","94","2","285","288","10.4269/ajtmh.15-0373","Article","2-s2.0-84957652531"
"Ventura M.; Oporto-Llerena R.; Espinoza K.; Guibert F.; Quispe A.M.; Vilar N.; López M.; Rojo-Bezares B.; Sáenz Y.; Ruiz J.; Pons M.J.","Antimicrobial resistance and associated risk factors in Escherichia coli isolated from Peruvian dogs: A focus on extended-spectrum β-lactamases and colistin","2024","Veterinary World","17","4","880","887","10.14202/vetworld.2024.880-887","Article","2-s2.0-85202690499"
"Achong-Sánchez J.; Lazo-Paredes R.; Amado-Tineo J.","MICROBIOLOGICAL PROFILE OF ANTIMICROBIAL SENSITIVITY AND RESISTANCE IN A GENERAL HOSPITAL IN THE PERUVIAN JUNGLE, 2021; [PERFIL MICROBIOLÓGICO DE SENSIBILIDAD Y RESISTENCIA ANTIMICROBIANA EN UN HOSPITAL GENERAL DE LA SELVA PERUANA 2021]","2024","Revista de la Facultad de Medicina Humana","24","4","38","45","10.25176/RFMH.v24i4.6573","Article","2-s2.0-85210296620"
"Aguilar-Luis D.; Silva-Caso W.; Pérez-Lazo G.; Morales-Castillo L.; Camps M.; Soto-Febres F.; Aguilar-Luis M.A.; Aquino-Ortega R.; del Valle-Mendoza J.","Genetic variants of AcrAB and OqxAB and the impact of efflux pump inhibition on ciprofloxacin and amikacin resistance in clinical isolates of Klebsiella pneumoniae from Lima, Peru","2026","BMC Microbiology","26","1","","","10.1186/s12866-026-04847-6","Article","2-s2.0-105036189464"
"Deshpande L.M.; Hubler C.; Davis A.P.; Castanheira M.","Updated prevalence of mcr-like genes among Escherichia coli and klebsiella pneumoniae in the SENTRY program and characterization of mcr-1.11 Variant","2019","Antimicrobial Agents and Chemotherapy","63","4","","","10.1128/AAC.02450-18","Letter","2-s2.0-85063680027"
"Nadimpalli M.L.; Rojas Salvatierra L.; Chakraborty S.; Swarthout J.M.; Cabrera L.Z.; Pickering A.J.; Calderon M.; Saito M.; Gilman R.H.; Pajuelo M.J.","Effects of breastfeeding on children’s gut colonization with multidrug-resistant Enterobacterales in peri-urban Lima, Peru","2024","Gut Microbes","16","1","","","10.1080/19490976.2024.2309681","Article","2-s2.0-85184205802"
"Morante J.; Quispe A.M.; Ymaña B.; Moya-Salazar J.; Luque N.; Soza G.; Ramos Chirinos M.; Pons M.J.","Tolerance to disinfectants (chlorhexidine and isopropanol) and its association with antibiotic resistance in clinically-related Klebsiella pneumoniae isolates","2021","Pathogens and Global Health","115","1","53","60","10.1080/20477724.2020.1845479","Article","2-s2.0-85099927921"
"Naomi-Matsuoka A.; Vargas M.; Ymaña B.; Soza G.; Pons M.J.","Colistin resistance in multidrug-resistant klebsiella pneumoniae strains at a perinatal maternal institute in Lima, Peru, 2015-2018; [Resistencia a la colistina en cepas de klebsiella pneumoniae multidrogorresistente del período 2015-2018 en un instituto materno perinatal de Lima, Peru]","2020","Revista Peruana de Medicina Experimental y Salud Publica","37","4","716","720","10.17843/rpmesp.2020.374.5422","Article","2-s2.0-85100879667"
"Loyola S.; Gutierrez L.R.; Horna G.; Petersen K.; Agapito J.; Osada J.; Rios P.; Lescano A.G.; Tamariz J.","Extended-spectrum β-lactamase–producing Enterobacteriaceae in cell phones of health care workers from Peruvian pediatric and neonatal intensive care units","2016","American Journal of Infection Control","44","8","910","916","10.1016/j.ajic.2016.02.020","Article","2-s2.0-84962749072"
"Rodriguez-Morales A.J.; Chang-Cheng B.; Gross R.; Llanque-Espinoza O.E.; Villamil-Macareno J.; Pacheco-Jimenez C.; Pineda-Bersoza G.B.; Delgado-Torres N.F.; Sanchez-Rojas I.C.; Solarte-Jimenez C.L.; Chamorro-Velazco E.C.; Diaz-Llerena G.E.; Arevalo C.D.; Cuasquer-Posos O.L.; Bonilla-Aldana J.L.; Bonilla-Aldana D.K.; Aguilar-Gamboa F.R.; Aparicio-Sigueñas J.E.; Villegas-Chiroque M.; Aguilar-Martinez S.L.; Escalera-Antezana J.P.; Montesinos-Jove R.D.; Gonzales-Flores C.E.; Arauco-Gutierrez C.N.; Aviles-Sarmiento J.L.; Montenegro-Narvaez C.M.; Castro-Calderón H.A.; Armijo-Subieta N.F.; Zambrano L.; Callejas-Patiño J.E.; Mosquera-Suárez J.; Villamil-Gómez W.E.","Clinical features of yellow fever in cases from Bolivia, Ecuador, Colombia, and Peru (2023–2025): A descriptive retrospective study","2025","New Microbes and New Infections","68","","","","10.1016/j.nmni.2025.101651","Article","2-s2.0-105022213489"
"Dao T.L.; Hoang V.T.; Magmoun A.; Ly T.D.A.; Baron S.A.; Hadjadj L.; Canard N.; Drali T.; Gouriet F.; Raoult D.; Parola P.; Marty P.; Rolain J.-M.; Gautret P.","Acquisition of multidrug-resistant bacteria and colistin resistance genes in French medical students on internships abroad","2021","Travel Medicine and Infectious Disease","39","","","","10.1016/j.tmaid.2020.101940","Article","2-s2.0-85097374883"
"Revoredo Rego F.; Huamán Egoávil E.; Zegarra Cavani S.; Auris Mora H.; Valderrama Barrientos R.","Microbiological and resistance profiles of community acquired and nosocomial intra abdominal infections in surgery of National Hospital Guillermo Almenara, Lima, Peru; [Perfil microbiológico de las infecciones intra abdominales en el Servicio de Cirugía de Emergencia del Hospital Nacional Guillermo Almenara Irigoyen, Lima, Perú]","2016","Revista de gastroenterologia del Peru : organo oficial de la Sociedad de Gastroenterologia del Peru","36","2","115","122","","Article","2-s2.0-85021858637"
"Lorme F.; Maataoui N.; Rondinaud E.; Esposito-Farèse M.; Clermont O.; Ruppe E.; Arlet G.; Genel N.; Matheron S.; Andremont A.; Armand-Lefevre L.","Acquisition of plasmid-mediated cephalosporinase producing Enterobacteriaceae after a travel to the tropics","2018","PLOS One","13","12","","","10.1371/journal.pone.0206909","Article","2-s2.0-85058717129"
"Daza-Cardona E.A.; Buenhombre J.; Dos Santos Fontenelle R.O.; Barbosa F.C.B.","mcr-mediated colistin resistance in South America, a One Health approach: A review","2022","Reviews and Research in Medical Microbiology","33","1","E119","E136","10.1097/MRM.0000000000000293","Review","2-s2.0-85122331790"
"Pallecchi L.; Riccobono E.; Mantella A.; Bartalesi F.; Sennati S.; Gamboa H.; Gotuzzo E.; Bartoloni A.; Rossolini G.M.","High prevalence of qnr genes in commensal enterobacteria from healthy children in Peru and Bolivia","2009","Antimicrobial Agents and Chemotherapy","53","6","2632","2635","10.1128/AAC.01722-08","Article","2-s2.0-67049107811"
"Soto-Flores K.G.; Cisneros-Aguilar J.R.; Rueda-Vicente M.K.; Gonzales-Escalante E.; Gonzales-Rodríguez A.O.; Gomez de La Torre-Prettel J.C.; Alvarado Ríos L.A.","Multidrug-resistant enterobacterales carrying the acc(6')-Ian gene","2026","Revista peruana de medicina experimental y salud publica","43","2","238","243","10.17843/rpmesp.2026.432.15661","Article","2-s2.0-105046354654"
"Benites J.; Ríos D.; Guerrero-Castilla A.; Enríquez C.; Zavala E.; Ybañez-Julca R.O.; Quispe-Díaz I.; Jara-Aguilar R.; Calderon P.B.","Chemical composition and assessment of antimicrobial, antioxidant and antiproliferative activities of essential oil from clinopodium sericeum, a Peruvian medicinal plant","2021","Records of Natural Products","15","3","175","186","10.25135/rnp.213.20.10.1845","Article","2-s2.0-85100558074"
"Palomino-Kobayashi L.A.; Egoávil-Espejo R.; Salvador-Luján G.; Yáñez P.; Gavilán R.G.; Pons M.J.; Ruiz J.","Detection of rare β-lactamase blaSCO-1 from a Klebsiella pneumoniae high-risk clone in Peru","2025","JAC-Antimicrobial Resistance","7","3","","","10.1093/jacamr/dlaf089","Article","2-s2.0-105006732124"
"García-Cedrón D.; De La Cruz Noriega M.; Cabanillas-Chirinos L.; Otiniano N.M.; Rojas-Villacorta W.; Salvatierra-Espinola W.; Del Aguila K.D.; Luján-Velásquez M.","Carbapenemase-Producing Bacteria Isolated from ICU Patients of a Peruvian Government Hospital during the COVID-19 Pandemic: A Descriptive Analysis","2023","Medicina (Lithuania)","59","10","","","10.3390/medicina59101763","Article","2-s2.0-85175277703"
"Garcia C.; Reyes Y.; Astocondor L.; Caytuiro L.; Riveros M.; Amaro C.; Andrade S.; Hernández L.; Sandoval R.; Peréz-Lazo G.; Cucho C.; Melo M.; Sabogal I.; Lino L.; Cuaresma E.; Olivares A.; Lachira A.; Michilot K.; Ramos J.; Diaz R.; Briones A.; Burgos S.; Cuicapuza D.; Tsukayama P.; Krapp F.","In vitro susceptibility testing of aztreonam-avibactam against predominantly NDM-producing Enterobacterales in Peru","2026","Microbiology Spectrum ","14","9","1","11","10.1128/spectrum.00762-26","Article","2-s2.0-105049020377"
"Benavides J.A.; Salgado-Caxito M.; Escobar-Páramo P.; Léon D.; Jara L.M.; Bardales-Mendoza O.; Murga C.; Medrano P.; Pérez V.; Aylas-Jurado B.; Su-Tello R.; Najarro J.; Osorio-Linares R.; Salvador-Tasayco E.; Shiva C.","Circulation of ESBL-producing Klebsiella pneumoniae at the human–animal–environment interface in farms on the central coast of Peru","2026","Frontiers in Public Health","14","","","","10.3389/fpubh.2026.1736106","Article","2-s2.0-105030562336"
"Cuicapuza D.; Loyola S.; Velásquez J.; Fernández N.; Llanos C.; Ruiz J.; Tsukayama P.; Tamariz J.","Molecular characterization of carbapenemase-producing Enterobacterales in a tertiary hospital in Lima, Peru","2024","Microbiology Spectrum","12","2","","","10.1128/spectrum.02503-23","Article","2-s2.0-85184520311"
"Sosa-Flores J.L.; Chapoñan-Mendoza J.F.","Antibiotic resistance of the most common bacteria isolated in blood cultures. Neonatal intensive care unit. Hospital III-1. Chiclayo, Perú 2020-2021.; [Resistencia antibiótica de bacterias más frecuentes aisladas en hemocultivos. Unidad de cuidados intensivos neonatal. Hospital III-1. Chiclayo, Perú 2020-2021.]","2024","Revista del Cuerpo Medico Hospital Nacional Almanzor Aguinaga Asenjo","17","4","","","10.35434/rcmhnaaa.2024.174.2425","Article","2-s2.0-85219719434"
"Moya-Salazar J.; Díaz C.R.; Cañari B.; Badillo R.X.; Verano-Zelada M.; Chicoma-Flores K.; Contreras-Pulache H.","Detection of pathogenic Aeromonas hydrophila from two rainbow trout (Oncorhynchus mykiss) farms in Peru; [Detecção de Aeromonas hydrophila em dois psicigranges de truta arco-íris (Oncorhynchus mykiss) em Peru]","2022","Revista Brasileira de Medicina Veterinaria","44","","","","10.29374/2527-2179.bjvm000922","Article","2-s2.0-85144397103"
"Quispe Pari J.F.; Ingaruca Rojas J.O.; Castro Mucha A.M.; Castro Ortega M.L.; Ccoicca Hinojosa F.J.; Montalvo Otivo R.; Prieto Pozo A.A.; Salvador Sagüez F.L.D.","Carbapenemase producing Klebsiella pneumoniae in Peru: a case report and antimicrobial resistance discussion; [Klebsiella pneumoniae productora de carbapenemasas en Perú: reporte de caso y discusión de la resistencia a los antimicrobianos]","2018","Medwave","18","2","e7191","","10.5867/medwave.2018.02.7191","Article","2-s2.0-85054720625"
"Adrianzén D.; Arbizu Á.; Ortiz J.; Samalvides F.","Mortality caused by bacteremia Escherichia coli and Klebsiella spp. Extended-spectrum beta-lactamase-producers: A retrospective cohort from a hospital in Lima, Peru; [Mortalidad por bacteriemia causada por Escherichia coli y Klebsiella spp. productoras de beta lactamasas de espectro extendido: Cohorte retrospectiva en un hospital de Lima, Perú]","2013","Revista Peruana de Medicina Experimental y Salud Publica","30","1","18","25","10.1590/S1726-46342013000100004","Article","2-s2.0-84882697952"
"Piazza A.; Perini M.; Mauri C.; Comandatore F.; Meroni E.; Luzzaro F.; Principe L.","Antimicrobial Susceptibility, Virulence, and Genomic Features of a Hypervirulent Serotype K2, ST65 Klebsiella pneumoniae Causing Meningitis in Italy","2022","Antibiotics","11","2","","","10.3390/antibiotics11020261","Article","2-s2.0-85125062407"
"Fuentes-Castillo D.; Shiva C.; Lincopan N.; Sano E.; Fontana H.; Streicker D.G.; Mahamat O.O.; Falcon N.; Godreuil S.; Benavides J.A.","Global high-risk clone of extended-spectrum β-lactamase (ESBL)-producing Klebsiella pneumoniae ST307 emerging in livestock in Peru","2021","International Journal of Antimicrobial Agents","58","3","","","10.1016/j.ijantimicag.2021.106389","Letter","2-s2.0-85111030424"
"Gómez de la Torre Pretell J.C.; Hueda-Zavaleta M.; Alvarado Ríos L.; Valenzuela-Rodríguez G.; La Rosa A.M.; Polis T.","Carbapenem resistance and susceptibility to Ceftazidima/avibactam and Ceftolozane/tazobactam in Pseudomonas aeruginosa and Enterobacterales in a reference laboratory in Lima, Peru: A cross-sectional study","2026","PLOS One","21","8","","","10.1371/journal.pone.0356004","Article","2-s2.0-105048153480"
"Quispe Oré K.; Salazar-Granara A.; Cueva Távara M.; Huancachoque Molina J.; Segura-Loayza D.; Obispo Achallma D.; Liendo Aguirre G.; Burgos Espejo A.; Briones Alejos A.; Lifonzo Mucha S.; Alarcón-Castillo T.; Marcos-Carbajal P.","Exploratory Genomic Characterisation of the Resistome, Virulome and Molecular Epidemiology of Multidrug-Resistant Klebsiella pneumoniae Clinical Isolates from Four Peruvian Regions","2026","Microorganisms","14","7","","","10.3390/microorganisms14071573","Article","2-s2.0-105045877680"
"Gómez de la Torre J.C.; Frenkel A.; Chavez-Lencinas C.; Rendon A.; Fabian M.; Cáceres-DelAguila J.A.; Minchon-Vizconde D.; Hueda-Zavaleta M.","Comparison of OneChoice AI-Based Clinical Decision Support Recommendations with Infectious Disease Specialists and Non-Specialists for Empirical Urinary Tract Infection Therapy in Lima, Peru","2026","Diagnostics","16","17","","","10.3390/diagnostics16172708","Article","2-s2.0-105050254143"
"Gómez P.; Huaringa M.; Custodio M.","PREVALENCE OF MULTIDRUG-RESISTANT PHENOTYPES AND ANTIMICROBIAL RESISTANCE PATTERNS IN COMMUNITY-ACQUIRED RESPIRATORY PATHOGENS IN THE PERUVIAN HIGHLANDS DURING THE COLD SEASON","2026","Journal of Community Medicine and Primary Health Care","38","2","95","107","10.4314/jcmphc.v38i2.9","Article","2-s2.0-105048068431"
"Rondon C.; Garcia C.; Krapp F.; Machaca I.; Olivera M.; Fernández V.; Villegas M.; Vilcapoma P.; Casapia M.; Concha-Velasco F.; Díaz J.C.; Sarmiento F.; Guillermo R.; Farnham A.; Sutter S.T.; Kuenzli E.","Antibiotic point prevalence survey and antimicrobial resistance in hospitalized patients across Peruvian reference hospitals","2023","Journal of Infection and Public Health","16","","52","60","10.1016/j.jiph.2023.10.030","Article","2-s2.0-85176914103"
"Ymaña B.; Luque N.; Pons M.J.; Ruiz J.","KPC-2-NDM-1-producing Serratia marcescens: first description in Peru","2022","New Microbes and New Infections","49-50","","","","10.1016/j.nmni.2022.101051","Article","2-s2.0-85142432541"
"Cuicapuza D.; Alvarado L.; Tocasca N.; Aguilar D.; Gómez-De-la-Torre J.C.; Salvatierra G.; Tsukayama P.; Tamariz J.","First Report of OXA-181-Producing Enterobacterales Isolates in Latin America","2023","Microbiology Spectrum","11","3","","","10.1128/spectrum.04584-22","Article","2-s2.0-85163913583"
"Chilon-Chavez M.A.; Muñoz-Inga J.G.; Silva-Díaz H.","MICROBIOLOGICAL PROFILE OF ISOLATED MICROORGANISMS FROM PATIENTS IN INTENSIVE CARE UNITS OF A HOSPITAL IN LAMBAYEQUE, PERU, 2019-2020; [PERFIL MICROBIOLÓGICO DE MICROORGANISMOS AISLADOS DE PACIENTES EN UNIDADES DE CUIDADOS INTENSIVOS DE UN HOSPITAL DE LAMBAYEQUE, PERÚ, 2019-2020]","2022","Revista de la Facultad de Medicina Humana ","22","2","428","437","10.25176/RFMH.v22i2.4275","Article","2-s2.0-85196738620"
"Custodio M.; Peñaloza R.; Ordinola-Zapata A.; Peralta-Ortiz T.; Sánches-Suárez H.; Vieyra-Peña E.; De la Cruz H.; Alvarado-Ibáñez J.","Diversity of enterobacterales in sediments of lagoons with fish farming activity and analysis of antibiotic resistance","2023","Toxicology Reports","10","","235","244","10.1016/j.toxrep.2023.02.002","Article","2-s2.0-85150362961"
"Arteaga-Livias K.; Pinzas-Acosta K.; Perez-Abad L.; Panduro-Correa V.; Rabaan A.A.; Pecho-Silva S.; Dámaso-Mata B.","A multidrug-resistant Klebsiella pneumoniae outbreak in a Peruvian hospital: Another threat from the COVID-19 pandemic","2022","Infection Control and Hospital Epidemiology","43","2","267","268","10.1017/ice.2020.1401","Letter","2-s2.0-85099062233"
"Kiffer C.R.V.; Mendes C.; Kuti J.L.; Nicolau D.P.","Pharmacodynamic comparisons of antimicrobials against nosocomial isolates of Escherichia coli, Klebsiella pneumoniae, Acinetobacter baumannii and Pseudomonas aeruginosa from the MYSTIC surveillance program: The OPTAMA Program, South America 2002","2004","Diagnostic Microbiology and Infectious Disease","49","2","109","116","10.1016/j.diagmicrobio.2004.03.003","Article","2-s2.0-2942525273"
"Seas C.; Legua P.; Delfin B.; Villavicencio K.; Palomino A.; Montenegro P.; Aguilar I.; La Rosa Y.; Robles M.; Young F.","Implementing an Antimicrobial Stewardship Program in an Oncology Center in Lima, Peru: A Model for Low- and Middle-Income Countries","2024","Open Forum Infectious Diseases","11","8","","","10.1093/ofid/ofae402","Article","2-s2.0-85200249031"
"Cabanillas-Rodríguez L.; Rodríguez-Quiñones H.; Mercado-Martínez P.; Castillo-Diaz R.; Zavaleta-Verde D.","E. coli and K. pneumoniae producers of ESBL and carbapenemases blaKPC, blaVIM and blaNDM in a reference hospital, Trujillo-Peru; [E. coli y K. pneumoniae productores de BLEE, blaKPC, blaVIM y blaNDM en un hospital de referencia, Trujillo-Perú]","2024","Gaceta Medica Boliviana","47","2","61","67","10.47993/gmb.v47i2.817","Article","2-s2.0-85213267349"
"Fajardo-Loyola A.; Yareta-Yareta J.; Meza-Fernández H.; Soto-Pastrana J.; Marcos-Carbajal P.","Molecular characteristics of antibiotic-resistant Escherichia coli and Klebsiella pneumoniae isolates obtained from urine samples of patients with urinary tract infection in Lima and Callao, Peru; [Características moleculares de aislamientos de Escherichia coli y Klebsiella pneumoniae resistentes a antibióticos obtenidos de muestras de orina de pacientes con infección del trato urinario en Lima y Callao, Perú]","2023","Revista Facultad de Medicina","71","3","","","10.15446/revfacmed.v71n3.104282","Article","2-s2.0-85200754644"
