"N","Fuente","PID","Anio","Primer_autor","Revista","Titulo","Enlace","Revisora_1","Revisora_2","Consenso"
"1","SciELO S2 completa y S3 amplia","S1609-91172026000200030","2026","Cruz C., Emelin","Rev Investig Vet Peru","Detección genética de Klebsiella pneumoniae productoras de carbapenemasas aisladas de cuadros clínicos de perros y gatos","http://www.scielo.org.pe/scielo.php?script=sci_arttext&pid=S1609-91172026000200030&lang=es","EXCLUIR - Población no humana (estudio veterinario en perros y gatos). (D.S., 6-oct-2026)","EXCLUIR - Población no humana (estudio veterinario en perros y gatos). (L.J.E., 6-oct-2026)","EXCLUIR - Población no humana (estudio veterinario en perros y gatos). [consenso D.S. + L.J.E., 6-oct-2026]"
"2","SciELO S2 completa y S3 amplia","S1609-91172026000100023","2026","González F., Mario","Rev Investig Vet Peru","Detección fenotípica de betalactamasas de espectro extendido (BLEE), AmpC inducible, AmpC derreprimida y carbapenemasas en Enterobacterales aislados a partir de muestras de heces de perros de compañía","http://www.scielo.org.pe/scielo.php?script=sci_arttext&pid=S1609-91172026000100023&lang=es","EXCLUIR - Población no humana (estudio veterinario en heces de perros de compañía). (D.S., 6-oct-2026)","EXCLUIR - Población no humana (estudio veterinario en perros). (L.J.E., 6-oct-2026)","EXCLUIR - Población no humana (estudio veterinario en heces de perros de compañía). [consenso D.S. + L.J.E., 6-oct-2026]"
"3","SciELO S2 completa y S3 amplia","S1726-46342026000100138","2026","Hurtado-Alegre, Jorge Luis","Rev Peru Med Exp Salud Publica","Síndrome de la bolsa púrpura: reporte de un caso inusual en un paciente con sonda vesical crónica","http://www.scielo.org.pe/scielo.php?script=sci_arttext&pid=S1726-46342026000100138&lang=es","EXCLUIR - Reporte de un solo caso clínico; sin datos epidemiológicos de prevalencia de resistencia en una cohorte o muestra. (D.S., 6-oct-2026)","EXCLUIR - Reporte de caso único (N=1); sin datos observacionales/epidemiológicos poblacionales. (L.J.E., 6-oct-2026)","EXCLUIR - Reporte de un solo caso clínico; sin datos epidemiológicos de prevalencia de resistencia en una cohorte o muestra. [consenso D.S. + L.J.E., 6-oct-2026]"
"4","SciELO S2 completa","S1726-46342025000200138","2025","Melgarejo Touchet, Nancy","Rev Peru Med Exp Salud Publica","Enterobacteriaceae productoras de doble carbapenemasa: secuenciación del genoma completo de aislamientos en hospitales de Paraguay, 2021","http://www.scielosp.org/scielo.php?script=sci_arttext&pid=S1726-46342025000200138&lang=es","EXCLUIR - Estudio realizado en hospitales de Paraguay (fuera del ámbito geográfico de Perú). (D.S., 6-oct-2026)","EXCLUIR - Ámbito geográfico fuera de Perú (Paraguay). (L.J.E., 6-oct-2026)","EXCLUIR - Estudio realizado en hospitales de Paraguay (fuera del ámbito geográfico de Perú). [consenso D.S. + L.J.E., 6-oct-2026]"
"5","SciELO S2 completa y S3 amplia","S1025-55832018000300004","2018","Ugarte Silva, Ruth Giovanna","An Fac Med (Lima)","Resistencia a colistín mediado por el gen mcr-1 identificado en cepas de Escherichia coli y Klebsiella pneumoniae: primeros reportes en el Perú","http://www.scielo.org.pe/scielo.php?script=sci_arttext&pid=S1025-55832018000300004&lang=es","INCLUIR (texto completo) (D.S., 6-oct-2026)","INCLUIR (texto completo) (L.J.E., 6-oct-2026)","INCLUIR (texto completo) [consenso D.S. + L.J.E., 6-oct-2026]"
"6","SciELO S2 completa y S3 amplia","S1727-558X2018000200003","2018","López-Ramírez, Kelly Lelia","Horiz Med (Lima)","Patrón de clonalidad mediante ERIC-PCR y REP-PCR de Escherichia coli y Klebsiella pneumoniae productores de betalactamasas de espectro extendido, aisladas de pacientes con infección urinaria intrahospitalaria. Hospital Regional Lambayeque, Perú","http://www.scielo.org.pe/scielo.php?script=sci_arttext&pid=S1727-558X2018000200003&lang=es","INCLUIR (texto completo) (D.S., 6-oct-2026)","INCLUIR (texto completo) (L.J.E., 6-oct-2026)","INCLUIR (texto completo) [consenso D.S. + L.J.E., 6-oct-2026]"
"7","SciELO S2 completa y S3 amplia","S1609-91172018000100022","2018","Sánchez Bonilla, María del Pilar","Rev Investig Vet Peru","Prevalencia de mastitis bovina en el Cañón de Anaime, región lechera de Colombia, incluyendo etiología y resistencia antimicrobiana","http://www.scielo.org.pe/scielo.php?script=sci_arttext&pid=S1609-91172018000100022&lang=es","EXCLUIR - Población no humana (mastitis bovina) y realizado en Colombia. (D.S., 6-oct-2026)","EXCLUIR - Población no humana (bovinos) y fuera de Perú (Colombia). (L.J.E., 6-oct-2026)","EXCLUIR - Población no humana (mastitis bovina) y realizado en Colombia. [consenso D.S. + L.J.E., 6-oct-2026]"
"8","SciELO S2 completa","S1726-46342017000100052","2017","Quijada-Martínez, Pedro","Rev Peru Med Exp Salud Publica","Estudio clínico y microbiológico de la infección urinaria asociada a catéter, en los servicios de medicina interna de un hospital universitario venezolano","http://www.scielosp.org/scielo.php?script=sci_arttext&pid=S1726-46342017000100052&lang=es","EXCLUIR - Estudio realizado en Venezuela (fuera del ámbito geográfico de Perú). (D.S., 6-oct-2026)","EXCLUIR - Ámbito geográfico fuera de Perú (Venezuela). (L.J.E., 6-oct-2026)","EXCLUIR - Estudio realizado en Venezuela (fuera del ámbito geográfico de Perú). [consenso D.S. + L.J.E., 6-oct-2026]"
"9","SciELO S2 completa","S1726-46342015000400018","2015","Rivera-Jacinto, Marco","Rev Peru Med Exp Salud Publica","Betalactamasas de espectro extendido tipo TEM y CTX-M en Klebsiella spp y Escherichia coli aisladas de superficies de ambientes hospitalarios","http://www.scielosp.org/scielo.php?script=sci_arttext&pid=S1726-46342015000400018&lang=es","INCLUIR (texto completo) (D.S., 6-oct-2026)","INCLUIR (texto completo) (L.J.E., 6-oct-2026)","INCLUIR (texto completo) [consenso D.S. + L.J.E., 6-oct-2026]"
"10","SciELO S2 completa y S3 amplia","S1018-130X2011000200005","2011","Rivera-Jacinto, Marco","Rev Med Hered","Susceptibilidad a betalactámicos y resistencia por betalactamasas de espectro extendido (BLEE) en Enterobacteriaceae aisladas de reservorios ambientales de un hospital general en Cajamarca, Perú.*","http://www.scielo.org.pe/scielo.php?script=sci_arttext&pid=S1018-130X2011000200005&lang=es","INCLUIR (texto completo) (D.S., 6-oct-2026)","INCLUIR (texto completo) (L.J.E., 6-oct-2026)","INCLUIR (texto completo) [consenso D.S. + L.J.E., 6-oct-2026]"
"11","SciELO S2 completa","S1726-46342010000300006","2010","Lezameta, Lizet","Rev Peru Med Exp Salud Publica","Comparación de cuatro métodos fenotípicos para la detección de beta-lactamasas de espectro extendido","http://www.scielosp.org/scielo.php?script=sci_arttext&pid=S1726-46342010000300006&lang=es","INCLUIR (texto completo) (D.S., 6-oct-2026)","INCLUIR (texto completo) (L.J.E., 6-oct-2026)","INCLUIR (texto completo) [consenso D.S. + L.J.E., 6-oct-2026]"
"12","SciELO S2 completa y S3 amplia","S1025-55832005000100005","2005","Morales, José-Luis","An Fac Med (Lima)","Presencia de beta-lactamasas de espectro extendido en dos hospitales de Lima, Perú","http://www.scielo.org.pe/scielo.php?script=sci_arttext&pid=S1025-55832005000100005&lang=es","INCLUIR (texto completo) (D.S., 6-oct-2026)","INCLUIR (texto completo) (L.J.E., 6-oct-2026)","INCLUIR (texto completo) [consenso D.S. + L.J.E., 6-oct-2026]"
"13","SciELO S3 amplia","S1609-91172026000100024","2026","Sánchez C., Mary","Rev Investig Vet Peru","Resistencia antibiótica de las enterobacterias Escherichia coli y Klebsiella spp. en superficie de pescados expendidos en Pucallpa, Amazonía peruana","http://www.scielo.org.pe/scielo.php?script=sci_arttext&pid=S1609-91172026000100024&lang=es","EXCLUIR - Muestras de origen comercial/alimentario (superficie de pescados) y no de origen clínico humano. (D.S., 6-oct-2026)","EXCLUIR - Muestras alimentarias/comerciales (superficie de pescados) y no de origen clínico humano. (L.J.E., 6-oct-2026)","EXCLUIR - Muestras de origen comercial/alimentario (superficie de pescados) y no de origen clínico humano. [consenso D.S. + L.J.E., 6-oct-2026]"
"14","SciELO S3 amplia","S1726-46342025000400424","2025","Villanueva-Coronado, Erin","Rev Peru Med Exp Salud Publica","Actividad antibacteriana in vitro de extractos y fracciones purificadas de la esponja marina Suberites aff. Latus (Demospongiae, Suberitida, Suberitidae) de Ica, Perú","http://www.scielo.org.pe/scielo.php?script=sci_arttext&pid=S1726-46342025000400424&lang=es","EXCLUIR - Estudio in vitro de actividad antibacteriana de extractos de esponja marina (no enfocado en epidemiología de resistencia en patógenos clínicos). (D.S., 6-oct-2026)","EXCLUIR - Ensayo in vitro de extractos de esponja marina; sin datos de epidemiología de resistencia clínica. (L.J.E., 6-oct-2026)","EXCLUIR - Estudio in vitro de actividad antibacteriana de extractos de esponja marina (no enfocado en epidemiología de resistencia en patógenos clínicos). [consenso D.S. + L.J.E., 6-oct-2026]"
"15","SciELO S3 amplia","S1609-91172025000100020","2025","Chávez Rosero, Katherine","Rev Investig Vet Peru","Patrones de resistencia a los antibióticos en bacterias aisladas de mastitis subclínicas","http://www.scielo.org.pe/scielo.php?script=sci_arttext&pid=S1609-91172025000100020&lang=es","EXCLUIR - Población no humana (estudio veterinario en mastitis subclínica animal). (D.S., 6-oct-2026)","EXCLUIR - Población no humana (estudio veterinario en mastitis). (L.J.E., 6-oct-2026)","EXCLUIR - Población no humana (estudio veterinario en mastitis subclínica animal). [consenso D.S. + L.J.E., 6-oct-2026]"
"16","SciELO S3 amplia","S0719-38902022000200176","2022","Rafael-Rutte, Robert","Chil J Agric Anim Sci","CHARACTERIZATION OF RHIZOME AND PSEUDOSTEM WET ROT OF ORGANIC BANANA (Musa sp.) IN PIURA, PERU","http://www.scielo.cl/scielo.php?script=sci_arttext&pid=S0719-38902022000200176&lang=es","EXCLUIR - Estudio agrícola/fitopatológico (pudrición en cultivos de banano orgánico). (D.S., 6-oct-2026)","EXCLUIR - Estudio agrícola/fitopatológico (pudrición en banano). (L.J.E., 6-oct-2026)","EXCLUIR - Estudio agrícola/fitopatológico (pudrición en cultivos de banano orgánico). [consenso D.S. + L.J.E., 6-oct-2026]"
"17","SciELO S3 amplia","S1609-91172022000300020","2022","Cortez-Sandoval, Valeria","Rev Investig Vet Peru","Detección de enterobacterias productoras de β-lactamasas de espectro extendido (BLEE) aisladas en carne de pollo de mercados de abasto de un distrito de Lima, Perú","http://www.scielo.org.pe/scielo.php?script=sci_arttext&pid=S1609-91172022000300020&lang=es","EXCLUIR - Muestras de origen alimentario/avícola (carne de pollo en mercados) y no de origen clínico humano. (D.S., 6-oct-2026)","EXCLUIR - Muestras alimentarias/avícolas (carne de pollo) y no de origen clínico humano. (L.J.E., 6-oct-2026)","EXCLUIR - Muestras de origen alimentario/avícola (carne de pollo en mercados) y no de origen clínico humano. [consenso D.S. + L.J.E., 6-oct-2026]"
"18","SciELO S3 amplia","S1728-59172022000100079","2022","Martínez Montalvo, Carlos Mauricio","Acta Med Peru","Neumonía por Raoultella planticola en paciente con COVID-19 crítico","http://www.scielo.org.pe/scielo.php?script=sci_arttext&pid=S1728-59172022000100079&lang=es","EXCLUIR - Reporte de un solo caso clínico; sin datos epidemiológicos de prevalencia de resistencia en una cohorte o muestra. (D.S., 6-oct-2026)","EXCLUIR - Reporte de caso único (N=1); sin datos observacionales/epidemiológicos poblacionales. (L.J.E., 6-oct-2026)","EXCLUIR - Reporte de un solo caso clínico; sin datos epidemiológicos de prevalencia de resistencia en una cohorte o muestra. [consenso D.S. + L.J.E., 6-oct-2026]"
"19","SciELO S3 amplia","S1609-91172021000300023","2021","Angulo-Tisoc, José M.","Rev Investig Vet Peru","Frecuencia de agentes bacterianos asociados a mortalidad en cuyes de centros de crianza familiar-comercial en Canchis, Cusco","http://www.scielo.org.pe/scielo.php?script=sci_arttext&pid=S1609-91172021000300023&lang=es","EXCLUIR - Población no humana (estudio veterinario en cuyes). (D.S., 6-oct-2026)","EXCLUIR - Población no humana (estudio veterinario en cuyes). (L.J.E., 6-oct-2026)","EXCLUIR - Población no humana (estudio veterinario en cuyes). [consenso D.S. + L.J.E., 6-oct-2026]"
"20","SciELO S3 amplia","S1609-91172021000100023","2021","Angulo-Tisoc, José","Rev Investig Vet Peru","Frecuencia de patógenos asociados a linfadenitis cervical en cuyes de centros de crianza familiar-comercial en Cusco, Perú","http://www.scielo.org.pe/scielo.php?script=sci_arttext&pid=S1609-91172021000100023&lang=es","EXCLUIR - Población no humana (estudio veterinario en cuyes). (D.S., 6-oct-2026)","EXCLUIR - Población no humana (estudio veterinario en cuyes). (L.J.E., 6-oct-2026)","EXCLUIR - Población no humana (estudio veterinario en cuyes). [consenso D.S. + L.J.E., 6-oct-2026]"
"21","SciELO S3 amplia","S2313-29572020000300215","2020","Castillo Rogel, Rosita T.","Rev Investig Altoandina","Aislamiento de bacterias con potencial biorremediador y análisis de comunidades bacterianas de zona impactada por derrame de petróleo en Condorcanqui - Amazonas - Perú","http://www.scielo.org.pe/scielo.php?script=sci_arttext&pid=S2313-29572020000300215&lang=es","EXCLUIR - Muestras ambientales (biorremediación en zona de derrame de petróleo) y no de origen clínico humano. (D.S., 6-oct-2026)","EXCLUIR - Muestras ambientales/ecológicas (biorremediación en zona de derrame de petróleo). (L.J.E., 6-oct-2026)","EXCLUIR - Muestras ambientales (biorremediación en zona de derrame de petróleo) y no de origen clínico humano. [consenso D.S. + L.J.E., 6-oct-2026]"
"22","SciELO S3 amplia","S1609-91172020000300006","2020","Zatán, Adrian E.","Rev Investig Vet Peru","Caracterización de la microbiota intestinal en robalo (Centropomus sp) y aislamiento de bacterias probióticas potenciales","http://www.scielo.org.pe/scielo.php?script=sci_arttext&pid=S1609-91172020000300006&lang=es","EXCLUIR - Población no humana/acuícola (microbiota intestinal de peces robalo). (D.S., 6-oct-2026)","EXCLUIR - Población no humana/ictiológica (microbiota en peces robalo). (L.J.E., 6-oct-2026)","EXCLUIR - Población no humana/acuícola (microbiota intestinal de peces robalo). [consenso D.S. + L.J.E., 6-oct-2026]"
"23","SciELO S3 amplia","S2077-99172020000100015","2020","Paredes-Villanueva, Johnnel J.","Sci Agropecu","Plant growth promoter collection of Gluconacetobacter diazotrophicus from the northern coast of Peru","http://www.scielo.org.pe/scielo.php?script=sci_arttext&pid=S2077-99172020000100015&lang=es","EXCLUIR - Estudio agrícola (bacterias promotoras del crecimiento vegetal Gluconacetobacter diazotrophicus). (D.S., 6-oct-2026)","EXCLUIR - Estudio agrícola (bacterias promotoras del crecimiento vegetal). (L.J.E., 6-oct-2026)","EXCLUIR - Estudio agrícola (bacterias promotoras del crecimiento vegetal Gluconacetobacter diazotrophicus). [consenso D.S. + L.J.E., 6-oct-2026]"
"24","SciELO S3 amplia","S1609-91172019000400040","2019","D, Christian Jordán","Rev Investig Vet Peru","Factores de riesgo para la presentación de bacteriuria en gatos con enfermedad del tracto urinario inferior: un análisis retrospectivo de 102 casos (2008 - 2015)","http://www.scielo.org.pe/scielo.php?script=sci_arttext&pid=S1609-91172019000400040&lang=es","EXCLUIR - Población no humana (estudio veterinario en gatos). (D.S., 6-oct-2026)","EXCLUIR - Población no humana (estudio veterinario en gatos). (L.J.E., 6-oct-2026)","EXCLUIR - Población no humana (estudio veterinario en gatos). [consenso D.S. + L.J.E., 6-oct-2026]"
"25","SciELO S3 amplia","S1609-91172017000400025","2017","Rodríguez Pérez, Roxana","Rev Investig Vet Peru","Frecuencia y susceptibilidad antimicrobiana de bacterias causantes de mastitis en bovinos de un establo de Trujillo, Perú","http://www.scielo.org.pe/scielo.php?script=sci_arttext&pid=S1609-91172017000400025&lang=es","EXCLUIR - Población no humana (estudio veterinario en bovinos con mastitis). (D.S., 6-oct-2026)","EXCLUIR - Población no humana (estudio veterinario en bovinos). (L.J.E., 6-oct-2026)","EXCLUIR - Población no humana (estudio veterinario en bovinos con mastitis). [consenso D.S. + L.J.E., 6-oct-2026]"
"26","SciELO S3 amplia","S1726-46342017000300423","2017","Aquino, Ruth","Rev Peru Med Exp Salud Publica","Caracterización molecular de bacterias patógenas de las vías respiratorias de pacientes peruanos con fibrosis quística","http://www.scielosp.org/scielo.php?script=sci_arttext&pid=S1726-46342017000300423&lang=es","INCLUIR (texto completo) (D.S., 6-oct-2026)","INCLUIR (texto completo) (L.J.E., 6-oct-2026)","INCLUIR (texto completo) [consenso D.S. + L.J.E., 6-oct-2026]"
"27","SciELO S3 amplia","S1018-130X2016000200003","2016","Oliva-Menacho, José Enrique","Rev Med Hered","Contaminación con bacterias patógenas de estetoscopios del personal médico en un hospital de nivel III en Lima, Perú","http://www.scielo.org.pe/scielo.php?script=sci_arttext&pid=S1018-130X2016000200003&lang=es","INCLUIR (texto completo) (D.S., 6-oct-2026)","INCLUIR (texto completo) (L.J.E., 6-oct-2026)","INCLUIR (texto completo) [consenso D.S. + L.J.E., 6-oct-2026]"
"28","SciELO S3 amplia","S1609-91172015000400013","2015","Sánchez P, Nofre","Rev Investig Vet Peru","Escherichia coli enteropatógena en crías de primate Aotus (Aotidae) con diarrea en cautiverio","http://www.scielo.org.pe/scielo.php?script=sci_arttext&pid=S1609-91172015000400013&lang=es","EXCLUIR - Población no humana (estudio en primates Aotus con diarrea). (D.S., 6-oct-2026)","EXCLUIR - Población no humana (estudio en primates Aotus). (L.J.E., 6-oct-2026)","EXCLUIR - Población no humana (estudio en primates Aotus con diarrea). [consenso D.S. + L.J.E., 6-oct-2026]"
"29","SciELO S3 amplia","S1609-91172014000200018","2014","Quevedo U, Miryam","Rev Investig Vet Peru","Infección por Klebsiella pneumoniae en un mono choro (Lagothrix lagotricha) criado como mascota en Lima, Perú","http://www.scielo.org.pe/scielo.php?script=sci_arttext&pid=S1609-91172014000200018&lang=es","EXCLUIR - Población no humana (reporte en un mono choro). (D.S., 6-oct-2026)","EXCLUIR - Población no humana (reporte en un mono choro). (L.J.E., 6-oct-2026)","EXCLUIR - Población no humana (reporte en un mono choro). [consenso D.S. + L.J.E., 6-oct-2026]"
"30","SciELO S3 amplia","S2077-99172014000400002","2014","León Mendoza, Luis H.","Sci Agropecu","Determinación del potencial promotor del crecimiento vegetal de las enterobacterias aisladas de la rizósfera del cultivo de maíz (Zea mays L.)","http://www.scielo.org.pe/scielo.php?script=sci_arttext&pid=S2077-99172014000400002&lang=es","EXCLUIR - Estudio agrícola (enterobacterias aisladas de la rizósfera de maíz). (D.S., 6-oct-2026)","EXCLUIR - Estudio agrícola (rizósfera de maíz). (L.J.E., 6-oct-2026)","EXCLUIR - Estudio agrícola (enterobacterias aisladas de la rizósfera de maíz). [consenso D.S. + L.J.E., 6-oct-2026]"
"31","SciELO S3 amplia","S1726-46342013000100004","2013","Adrianzén, Diego","Rev Peru Med Exp Salud Publica","Mortalidad por bacteriemia causada por Escherichia coli y Klebsiella spp. productoras de beta lactamasas de espectro extendido: cohorte retrospectiva en un hospital de Lima, Perú","http://www.scielosp.org/scielo.php?script=sci_arttext&pid=S1726-46342013000100004&lang=es","INCLUIR (texto completo) (D.S., 6-oct-2026)","INCLUIR (texto completo) (L.J.E., 6-oct-2026)","INCLUIR (texto completo) [consenso D.S. + L.J.E., 6-oct-2026]"
"32","SciELO S3 amplia","S1726-22162012000200006","2012","Clavijo, Claudia","Ecol Apl","Aislamiento, caracterización e identificación de bacterias diazotróficas de la rizósfera del cultivo de Olea europea ""olivo"" en Tacna Perú","http://www.scielo.org.pe/scielo.php?script=sci_arttext&pid=S1726-22162012000200006&lang=es","EXCLUIR - Estudio agrícola/ecológico (bacterias diazotróficas de la rizósfera de olivo). (D.S., 6-oct-2026)","EXCLUIR - Estudio agrícola/ecológico (rizósfera de olivo). (L.J.E., 6-oct-2026)","EXCLUIR - Estudio agrícola/ecológico (bacterias diazotróficas de la rizósfera de olivo). [consenso D.S. + L.J.E., 6-oct-2026]"
"33","SciELO S3 amplia","S1609-91172010000100015","2010","Villena A., Mirella","Rev Investig Vet Peru","Flora bacteriana del tracto digestivo de caracoles Helix aspersa müller bajo dos sistemas de crianza","http://www.scielo.org.pe/scielo.php?script=sci_arttext&pid=S1609-91172010000100015&lang=es","EXCLUIR - Población no humana (flora bacteriana en caracoles Helix aspersa). (D.S., 6-oct-2026)","EXCLUIR - Población no humana (flora bacteriana de caracoles). (L.J.E., 6-oct-2026)","EXCLUIR - Población no humana (flora bacteriana en caracoles Helix aspersa). [consenso D.S. + L.J.E., 6-oct-2026]"
"34","SciELO S3 amplia","S1025-55832004000100004","2004","Shimabuku, Roberto","An Fac Med (Lima)","Etiología y susceptibilidad antimicrobiana de las infecciones neonatales","http://www.scielo.org.pe/scielo.php?script=sci_arttext&pid=S1025-55832004000100004&lang=es","INCLUIR (texto completo) (D.S., 6-oct-2026)","INCLUIR (texto completo) (L.J.E., 6-oct-2026)","INCLUIR (texto completo) [consenso D.S. + L.J.E., 6-oct-2026]"
