"N","Fuente","ID_BVS","Anio","Primer_autor","Revista","Titulo","Tipo","Enlace","Revisora_1","Revisora_2","Consenso"
"1","BVS LILACS","biblio-1625958","2025","Pari Olarte, Josefa Bertha","Salud(i)ciencia (Impresa)","Antibiotic use and the threat of microbial resistance/ El uso de antibióticos y la amenaza  de la resistencia microbiana","article","https://www.siicsalud.com/dato/sic/275-6/175657.pdf","EXCLUIR - Artículo de revisión o temática general, sin datos epidemiológicos originales poblacionales. (D.S., 7-oct-2026)","EXCLUIR - Artículo de revisión o temática general, sin datos epidemiológicos originales poblacionales. (L.J.E., 7-oct-2026)","EXCLUIR - Artículo de revisión o temática general, sin datos epidemiológicos originales poblacionales. [consenso D.S. + L.J.E., 7-oct-2026]"
"2","BVS LILACS","biblio-1599205","2024","Cabanillas-Rodríguez, Leticia","Gac. méd. boliv","E. coli y K. pneumoniae productores de BLEE, blaKPC, blaVIM y blaNDM en un hospital de referencia, Trujillo-Perú","article","http://www.scielo.org.bo/scielo.php?script=sci_arttext&pid=S1012-29662024000200061&lng=en&nrm=iso&tlng=en","INCLUIR (texto completo) (D.S., 7-oct-2026)","INCLUIR (texto completo) (L.J.E., 7-oct-2026)","INCLUIR (texto completo) [consenso D.S. + L.J.E., 7-oct-2026]"
"3","BVS LILACS","biblio-1609578","2024","Sosa-Flores, Jorge Luis","Rev. Cuerpo Méd. Hosp. Nac. Almanzor Aguinaga Asenjo","Antibiotic resistance of the most common bacteria isolated in blood cultures. Neonatal intensive care unit. Hospital III-1. Chiclayo, Perú 2020-2021/ Resistencia antibiótica de bacterias más frecuentes aisladas en hemocultivos. Unidad de cuidados intensivos neonatal. Hospital III-1. Chiclayo, Perú 2020-2021","article","https://cmhnaaa.org.pe/ojs/index.php/rcmhnaaa/article/view/2425/965","INCLUIR (texto completo) (D.S., 7-oct-2026)","INCLUIR (texto completo) (L.J.E., 7-oct-2026)","INCLUIR (texto completo) [consenso D.S. + L.J.E., 7-oct-2026]"
"4","BVS LILACS","biblio-1398244","2022","Penagos-Avila, Matías","Rev. Cuerpo Méd. Hosp. Nac. Almanzor Aguinaga Asenjo","Description of a Klebsiella pneumoniae strain with blaOXA-48 gene in Lima-Peru/ Descripción de una cepa de Klebsiella pneumoniae con gen blaOXA-48 en Lima-Perú","article","http://cmhnaaa.org.pe/ojs/index.php/rcmhnaaa/article/view/1400","EXCLUIR - Reporte de cepa aislada (caso único); sin datos epidemiológicos poblacionales. (D.S., 7-oct-2026)","EXCLUIR - Reporte de cepa aislada (caso único); sin datos epidemiológicos poblacionales. (L.J.E., 7-oct-2026)","EXCLUIR - Reporte de cepa aislada (caso único); sin datos epidemiológicos poblacionales. [consenso D.S. + L.J.E., 7-oct-2026]"
"5","BVS LILACS","biblio-1395694","2021","Raraz-Vida, Jarvis","Bol. malariol. salud ambient","Antibiotic resistance of Escherichia coli and Staphylococcus saprophyticus in urinary tract infection in a public hospital/ Resistencia antibiótica de Escherichia coli y Staphylococcus saprophyticus en la infección urinaria de un hospital público","article","http://iaes.edu.ve/iaespro/ojs/index.php/bmsa/article/view/371/540","INCLUIR (texto completo) (D.S., 7-oct-2026)","INCLUIR (texto completo) (L.J.E., 7-oct-2026)","INCLUIR (texto completo) [consenso D.S. + L.J.E., 7-oct-2026]"
"6","BVS PAHOIRIS","phr-53141","2020","Alpuche Aranda, Celia Mercedes","Rev Panam Salud Pública;44, dic. 2020","Scientific evidence for the control of antimicrobial resistance","article","https://iris.paho.org/handle/10665.2/53141","EXCLUIR - Artículo de revisión/evidencia, no es un estudio primario de epidemiología. (D.S., 7-oct-2026)","EXCLUIR - Artículo de revisión/evidencia, no es un estudio primario de epidemiología. (L.J.E., 7-oct-2026)","EXCLUIR - Artículo de revisión/evidencia, no es un estudio primario de epidemiología. [consenso D.S. + L.J.E., 7-oct-2026]"
"7","BVS BIGG","biblio-1367356","2019","Instituto de Evaluación de Tecnologías en Salud e Investigación","Lima; IETSI; 20190000. 60 p.","Clinical practice guideline for the management of hospital-acquired pneumonia and ventilator-associated pneumonia/ Guía de práctica clínica para el manejo de la neumonía intrahospitalaria y neumonía asociada a ventilador mecánico","non-conventional","https://fi-admin.bvsalud.org/document/view/y8kw5","EXCLUIR - Guía de práctica clínica, no es un estudio observacional primario. (D.S., 7-oct-2026)","EXCLUIR - Guía de práctica clínica, no es un estudio observacional primario. (L.J.E., 7-oct-2026)","EXCLUIR - Guía de práctica clínica, no es un estudio observacional primario. [consenso D.S. + L.J.E., 7-oct-2026]"
"8","BVS LILACS","biblio-1011005","2018","Suarez, Carlos","An. Fac. Med. (Perú)","Plasmid profile determination of Escherichia coli and Klebsiella pneumoniae producers of extended spectrum ß-lactamase isolated in urocultives/ Determinación de perfiles plasmídicos de Escherichia coli y Klebsiella pneumoniae productoras de ß-lactamasas de espectro extendido aisladas en urocultivos","article","http://www.scielo.org.pe/scielo.php?script=sci_arttext&pid=S1025-55832018000100007","INCLUIR (texto completo) (D.S., 7-oct-2026)","INCLUIR (texto completo) (L.J.E., 7-oct-2026)","INCLUIR (texto completo) [consenso D.S. + L.J.E., 7-oct-2026]"
"9","BVS LILACS","biblio-989236","2017","Méndez Chacón, Pedro","An. Fac. Med. (Perú)","Urinary tract infection in renal transplant recipients/ Infección del tracto urinario en receptores de trasplante renal","article","http://www.scielo.org.pe/scielo.php?script=sci_arttext&pid=S1025-55832017000100002","INCLUIR (texto completo) (D.S., 7-oct-2026)","INCLUIR (texto completo) (L.J.E., 7-oct-2026)","INCLUIR (texto completo) [consenso D.S. + L.J.E., 7-oct-2026]"
"10","BVS LILACS","biblio-1052999","2016","Fernández-Mogollón, Jorge","Rev. Cuerpo Méd. Hosp. Nac. Almanzor Aguinaga Asenjo","Microbiological profile of a Level III Hospital, Chiclayo-Peru. 2014/ Perfil Microbiológico de un Hospital del Seguro Social Nivel III, Chiclayo-Perú. 2014","article","http://cmhnaaa.org.pe/ojs/index.php/rcmhnaaa/article/view/141","INCLUIR (texto completo) (D.S., 7-oct-2026)","INCLUIR (texto completo) (L.J.E., 7-oct-2026)","INCLUIR (texto completo) [consenso D.S. + L.J.E., 7-oct-2026]"
"11","BVS LIPECS","biblio-1114011","2015","López Zenteno, Ninoska Liz","Lima; s.n; 2015. 40 p. tab, graf.","Etiology and bacterial resistance of hospital-acquired urinary infections in the Services of Internal Medicine Hospital Dos de Mayo. January-December 2011/ Etiología y resistencia bacteriana de las infecciones urinarias intrahospitalarias en los Servicios de Medicina Interna del Hospital Dos de Mayo. Enero - diciembre del 2011","thesis","http://ateneo.unmsm.edu.pe/ateneo/bitstream/123456789/4710/1/Lopez_Zenteno_Ninoska_Liz_2015.pdf","INCLUIR (texto completo) (D.S., 7-oct-2026)","INCLUIR (texto completo) (L.J.E., 7-oct-2026)","INCLUIR (texto completo) [consenso D.S. + L.J.E., 7-oct-2026]"
"12","BVS LIPECS","biblio-1113905","2014","Pachas Serpa, Judith Justina","Lima; s.n; 2014. 60 p. tab, graf.","Pattern of sensitivity / resistance of bacteria according to the cultures of the patients hospitalized for urinary tract infection at the Central Hospital of the Air Force of Peru, during the period July - December 2013/ Patrón sensibilidad / resistencia de bacterias según los urocultivos de pacientes hospitalizados por infección urinaria en el Hospital Central de la Fuerza Aérea del Perú, durante el periodo julio - diciembre 2013","thesis","https://pesquisa.bvsalud.org/portal/resource/es/biblio-1113905","INCLUIR (texto completo) (D.S., 7-oct-2026)","INCLUIR (texto completo) (L.J.E., 7-oct-2026)","INCLUIR (texto completo) [consenso D.S. + L.J.E., 7-oct-2026]"
"13","BVS LILACS","lil-713387","2013","Velásquez, Jorge","Rev. Soc. Peru. Med. Interna","Carbapenems resistant Klebsiella pneumoniae: first case of type KPC carbapenemase in Peru/ Klebsiella pneumoniae resistente a los carbapenemes: primer caso de carbapenemasa tipo KPC en Perú","article","http://www.medicinainterna.org.pe/pdf/2013/vol26num4/reporte%20de%20caso.pdf","EXCLUIR - Reporte de caso único (primer caso); sin datos observacionales/epidemiológicos poblacionales. (D.S., 7-oct-2026)","EXCLUIR - Reporte de caso único (primer caso); sin datos observacionales/epidemiológicos poblacionales. (L.J.E., 7-oct-2026)","EXCLUIR - Reporte de caso único (primer caso); sin datos observacionales/epidemiológicos poblacionales. [consenso D.S. + L.J.E., 7-oct-2026]"
"14","BVS LILACS","lil-677027","2013","Saraiva, A. M","Rev. bras. plantas med","Antimicrobial and synergic activity of fractions from the leaves of Schinopsis brasiliensis Engl. against Staphylococcus aureus multiresistant clones/ Atividade antimicrobiana e sinérgica das frações das folhas de Schinopsis brasiliensis Engl. frente a clones multirresistentes de Staphylococcus aureus","article","http://www.scielo.br/scielo.php?script=sci_arttext&pid=S1516-05722013000200006","EXCLUIR - Ensayo in vitro de extractos vegetales; sin datos de epidemiología de resistencia clínica. (D.S., 7-oct-2026)","EXCLUIR - Ensayo in vitro de extractos vegetales; sin datos de epidemiología de resistencia clínica. (L.J.E., 7-oct-2026)","EXCLUIR - Ensayo in vitro de extractos vegetales; sin datos de epidemiología de resistencia clínica. [consenso D.S. + L.J.E., 7-oct-2026]"
"15","BVS LIPECS","biblio-1113058","2012","Huamán Cárdenas, Víctor Raúl","Lima; s.n; 2012. 60 p. ilus, tab, graf.","Detection phenotypic of enterobacteriaceae producing extended-spectrum betalactamase isolated in urine cultures of pregnant women. Lima, Peru/ Detección fenotípica enterobacterias productoras de betalactamasas de espectro extendido aisladas en urocultivos de gestantes. Lima, Perú","thesis","https://pesquisa.bvsalud.org/portal/resource/es/biblio-1113058","INCLUIR (texto completo) (D.S., 7-oct-2026)","INCLUIR (texto completo) (L.J.E., 7-oct-2026)","INCLUIR (texto completo) [consenso D.S. + L.J.E., 7-oct-2026]"
"16","BVS LIPECS","biblio-1111385","2011","Yánez Cuellar, Carlos Arturo","Rev. peru. biol. (Impr.)","Chemical composition and antibacterial activity of the essential oil of Ambrosia peruviana Willd. from Venezuelan plains/ Composición química y actividad antibacteriana del aceite esencial de Ambrosia peruviana Willd. de los llanos venezolanos","article","http://sisbib.unmsm.edu.pe/bvrevistas/biologia/v18n2/pdf/a03v18n2.pdf","EXCLUIR - Estudio in vitro de aceites esenciales y ámbito geográfico fuera de Perú (Venezuela). (D.S., 7-oct-2026)","EXCLUIR - Estudio in vitro de aceites esenciales y ámbito geográfico fuera de Perú (Venezuela). (L.J.E., 7-oct-2026)","EXCLUIR - Estudio in vitro de aceites esenciales y ámbito geográfico fuera de Perú (Venezuela). [consenso D.S. + L.J.E., 7-oct-2026]"
"17","BVS LILACS","lil-667195","2010","Torres Rosas, Eliana","Lima; s.n; 2010. 18 p. tab, graf.","Clinical and epidemiological characteristics of infection-producing Klebsiella pneumoniae B extended spectrum-lactamase (ESBL) in the Institute of Child Health, January-December 2008-2009/ Características clínico-epidemiológicas de infección por klebsiella pneumoniae productora de B-lactamasa de espectro extendido (BLEE) en el Instituto de Salud del Niño, Enero-Diciembre 2008-2009","thesis","https://pesquisa.bvsalud.org/portal/resource/es/lil-667195","INCLUIR (texto completo) (D.S., 7-oct-2026)","INCLUIR (texto completo) (L.J.E., 7-oct-2026)","INCLUIR (texto completo) [consenso D.S. + L.J.E., 7-oct-2026]"
"18","BVS LILACS","lil-633022","2007","Zampini, Iris Catiana","Acta bioquím. clín. latinoam","Antimicrobial activity of Argentine medicinal plants on antibiotic-resistant bacteria/ Actividad antimicrobiana de plantas medicinales argentinas sobre bacterias antibiótico-resistentes","article","http://www.scielo.org.ar/scielo.php?script=sci_arttext&pid=S0325-29572007000300013","EXCLUIR - Estudio in vitro de plantas medicinales y ámbito geográfico fuera de Perú (Argentina). (D.S., 7-oct-2026)","EXCLUIR - Estudio in vitro de plantas medicinales y ámbito geográfico fuera de Perú (Argentina). (L.J.E., 7-oct-2026)","EXCLUIR - Estudio in vitro de plantas medicinales y ámbito geográfico fuera de Perú (Argentina). [consenso D.S. + L.J.E., 7-oct-2026]"
"19","BVS LILACS","lil-227654","1998","Echevarría, Juan","Bol. Soc. Peru. Med. Interna","Epidemiologic surveillance of bacterial susceptibility to the cephalosporines of third and fourth generation: multicenter study/ Vigilancia epidemiológica de susceptibilidad bacteriana a las cefalosporinas de tercera y cuarta generación. Estudio multicéntrico","article","https://pesquisa.bvsalud.org/portal/resource/es/lil-227654","INCLUIR (texto completo) (D.S., 7-oct-2026)","INCLUIR (texto completo) (L.J.E., 7-oct-2026)","INCLUIR (texto completo) [consenso D.S. + L.J.E., 7-oct-2026]"
