"N","Fuente","EID","Anio","Primer_autor","Revista","Titulo","DOI","Enlace","Revisora_1","Revisora_2","Consenso"
"1","Scopus cadena alineada","2-s2.0-105041274735","2026","Sernaque Mechato R.A.","Revista de la Facultad de Medicina Humana","FACTORS ASSOCIATED WITH MORTALITY IN PATIENTS WITH MULTIDRUG-RESISTANT ORGANISM INFECTION; [FACTORES ASOCIADOS A MORTALIDAD EN PACIENTES CON INFECCIÓN POR GÉRMENES MULTIDROGORRESISTENTES]","10.25176/RFMH.v26i1.7893","https://www.scopus.com/pages/publications/105041274735?origin=resultslist","INCLUIR (texto completo) (D.S., 8-oct-2026)","INCLUIR (texto completo) (L.J.E., 8-oct-2026)","INCLUIR (texto completo) [consenso D.S. + L.J.E., 8-oct-2026]"
"2","Scopus cadena alineada","2-s2.0-105029261151","2026","Quino W.","JAC-Antimicrobial Resistance","Genomic analysis of the virulome and resistome of high-risk Escherichia coli clones in Peru","10.1093/jacamr/dlag011","https://www.scopus.com/pages/publications/105029261151?origin=resultslist","INCLUIR (texto completo) (D.S., 8-oct-2026)","INCLUIR (texto completo) (L.J.E., 8-oct-2026)","INCLUIR (texto completo) [consenso D.S. + L.J.E., 8-oct-2026]"
"3","Scopus cadena alineada","2-s2.0-105047218591","2026","Gutierrez Batallanos G.","New Microbes and New Infections","High prevalence of intestinal colonization by beta-lactam resistant Enterobacterales in patients admitted to an emergency department in Lima, Peru","10.1016/j.nmni.2026.101824","https://www.scopus.com/pages/publications/105047218591?origin=resultslist","INCLUIR (texto completo) (D.S., 8-oct-2026)","INCLUIR (texto completo) (L.J.E., 8-oct-2026)","INCLUIR (texto completo) [consenso D.S. + L.J.E., 8-oct-2026]"
"4","Scopus cadena alineada","2-s2.0-105046034132","2026","Alarcón Calle M.Á.","Revista de la Facultad de Medicina Humana","MUSCA DOMESTICA AS A VECTOR OF COLISTIN-RESISTANT BACTERIA FROM LANDFILLS AT TWO MARKETS IN SANTA ANITA-LIMA; [MUSCA DOMESTICA COMO VECTOR DE BACTERIAS RESISTENTES A COLISTINA PROVENIENTES DE VERTEDEROS DE DOS MERCADOS EN SANTA ANITA-LIMA]","10.25176/RFMH.v26i2.8035","https://www.scopus.com/pages/publications/105046034132?origin=resultslist","EXCLUIR - Estudio de vectores (Musca domestica) en vertederos de mercados; no incluye población ni muestras de origen clínico humano. (D.S., 8-oct-2026)","EXCLUIR - Estudio de vectores (Musca domestica) en vertederos de mercados; no incluye población ni muestras de origen clínico humano. (L.J.E., 8-oct-2026)","EXCLUIR - Estudio de vectores (Musca domestica) en vertederos de mercados; no incluye población ni muestras de origen clínico humano. [consenso D.S. + L.J.E., 8-oct-2026]"
"5","Scopus cadena alineada","2-s2.0-105017382826","2025","Salgado-Caxito M.","Antibiotics","Unexplained High Prevalence of ESBL-Escherichia coli Among Cattle and Pigs in Peru","10.3390/antibiotics14090867","https://www.scopus.com/pages/publications/105017382826?origin=resultslist","EXCLUIR - Población no humana (estudio veterinario en ganado vacuno y porcino). (D.S., 8-oct-2026)","EXCLUIR - Población no humana (estudio veterinario en ganado vacuno y porcino). (L.J.E., 8-oct-2026)","EXCLUIR - Población no humana (estudio veterinario en ganado vacuno y porcino). [consenso D.S. + L.J.E., 8-oct-2026]"
"6","Scopus cadena alineada","2-s2.0-105021475356","2025","Mayta-Barrios M.","JAC-Antimicrobial Resistance","Molecular detection of carbapenemases in critical microorganisms since the onset of the COVID-19 pandemic in Peru","10.1093/jacamr/dlaf203","https://www.scopus.com/pages/publications/105021475356?origin=resultslist","INCLUIR (texto completo) (D.S., 8-oct-2026)","INCLUIR (texto completo) (L.J.E., 8-oct-2026)","INCLUIR (texto completo) [consenso D.S. + L.J.E., 8-oct-2026]"
"7","Scopus cadena alineada","2-s2.0-85200249031","2024","Seas C.","Open Forum Infectious Diseases","Implementing an Antimicrobial Stewardship Program in an Oncology Center in Lima, Peru: A Model for Low- and Middle-Income Countries","10.1093/ofid/ofae402","https://www.scopus.com/pages/publications/85200249031?origin=resultslist","EXCLUIR - Estudio de implementación de programas de gestión/PROA; no es un estudio primario de prevalencia o vigilancia de resistencia bacteriana. (D.S., 8-oct-2026)","EXCLUIR - Estudio de implementación de programas de gestión/PROA; no es un estudio primario de prevalencia o vigilancia de resistencia bacteriana. (L.J.E., 8-oct-2026)","EXCLUIR - Estudio de implementación de programas de gestión/PROA; no es un estudio primario de prevalencia o vigilancia de resistencia bacteriana. [consenso D.S. + L.J.E., 8-oct-2026]"
"8","Scopus cadena alineada","2-s2.0-85158853171","2023","López-Hinostroza M.","Electronic Journal of General Medicine","Confluent cavitated nodules in invasive mucinous adenocarcinoma: A case report","10.29333/ejgm/13151","https://www.scopus.com/pages/publications/85158853171?origin=resultslist","EXCLUIR - Reporte de caso clínico oncológico (adenocarcinoma); no relacionado con la epidemiología de resistencia bacteriana. (D.S., 8-oct-2026)","EXCLUIR - Reporte de caso clínico oncológico (adenocarcinoma); no relacionado con la epidemiología de resistencia bacteriana. (L.J.E., 8-oct-2026)","EXCLUIR - Reporte de caso clínico oncológico (adenocarcinoma); no relacionado con la epidemiología de resistencia bacteriana. [consenso D.S. + L.J.E., 8-oct-2026]"
"9","Scopus cadena alineada","2-s2.0-85122331790","2022","Daza-Cardona E.A.","Reviews and Research in Medical Microbiology","mcr-mediated colistin resistance in South America, a One Health approach: A review","10.1097/MRM.0000000000000293","https://www.scopus.com/pages/publications/85122331790?origin=resultslist","EXCLUIR - Artículo de revisión narrativa/sistemática; sin datos primarios observacionales. (D.S., 8-oct-2026)","EXCLUIR - Artículo de revisión narrativa/sistemática; sin datos primarios observacionales. (L.J.E., 8-oct-2026)","EXCLUIR - Artículo de revisión narrativa/sistemática; sin datos primarios observacionales. [consenso D.S. + L.J.E., 8-oct-2026]"
"10","Scopus cadena alineada","2-s2.0-85100558074","2021","Benites J.","Records of Natural Products","Chemical composition and assessment of antimicrobial, antioxidant and antiproliferative activities of essential oil from clinopodium sericeum, a Peruvian medicinal plant","10.25135/rnp.213.20.10.1845","https://www.scopus.com/pages/publications/85100558074?origin=resultslist","EXCLUIR - Estudio in vitro de actividad antimicrobiana de aceites esenciales/plantas medicinales; sin epidemiología clínica. (D.S., 8-oct-2026)","EXCLUIR - Estudio in vitro de actividad antimicrobiana de aceites esenciales/plantas medicinales; sin epidemiología clínica. (L.J.E., 8-oct-2026)","EXCLUIR - Estudio in vitro de actividad antimicrobiana de aceites esenciales/plantas medicinales; sin epidemiología clínica. [consenso D.S. + L.J.E., 8-oct-2026]"
"11","Scopus cadena alineada","2-s2.0-85063680027","2019","Deshpande L.M.","Antimicrobial Agents and Chemotherapy","Updated prevalence of mcr-like genes among Escherichia coli and klebsiella pneumoniae in the SENTRY program and characterization of mcr-1.11 Variant","10.1128/AAC.02450-18","https://www.scopus.com/pages/publications/85063680027?origin=resultslist","EXCLUIR - Programa de vigilancia global (SENTRY); no presenta un diseño u objetivo enfocado primariamente en una cohorte peruana. (D.S., 8-oct-2026)","EXCLUIR - Programa de vigilancia global (SENTRY); no presenta un diseño u objetivo enfocado primariamente en una cohorte peruana. (L.J.E., 8-oct-2026)","EXCLUIR - Programa de vigilancia global (SENTRY); no presenta un diseño u objetivo enfocado primariamente en una cohorte peruana. [consenso D.S. + L.J.E., 8-oct-2026]"
"12","Scopus cadena alineada","2-s2.0-84962749072","2016","Loyola S.","American Journal of Infection Control","Extended-spectrum β-lactamase–producing Enterobacteriaceae in cell phones of health care workers from Peruvian pediatric and neonatal intensive care units","10.1016/j.ajic.2016.02.020","https://www.scopus.com/pages/publications/84962749072?origin=resultslist","INCLUIR (texto completo) (D.S., 8-oct-2026)","INCLUIR (texto completo) (L.J.E., 8-oct-2026)","INCLUIR (texto completo) [consenso D.S. + L.J.E., 8-oct-2026]"
