"N","Fuente","PMID","DOI","Anio","Primer_autor","Revista","Titulo","Registro_ID","Revisora_1","Revisora_2","Consenso"
"1","PubMed","42636225","10.1371/journal.pone.0356004","2026","Gómez de la Torre Pretell JC","PLoS One","Carbapenem resistance and susceptibility to Ceftazidima/avibactam and Ceftolozane/tazobactam in Pseudomonas aeruginosa and Enterobacterales in a reference laboratory in Lima, Peru: A cross-sectional study.","","EXCLUIR - Publicado despues de julio de 2026 (fuera de la ventana declarada) [revisado por Diego 27-sep-2026 tras contrastar criterios]","DUDA - Verificar en texto completo si desglosa 3GC en K. pneumoniae (L.J.E., 3-oct-2026)","EXCLUIR - recoleccion 2019-2024, fuera de la ventana 2003-2021 del protocolo; publicado despues de julio de 2026 [consenso D.S. + L.J.E., 3-oct-2026]"
"2","PubMed","42577016","10.1093/jacamr/dlag164","2026","Copaja-Corzo C","JAC Antimicrob Resist","Klebsiella pneumoniae is associated with increased mortality versus Escherichia coli in carbapenem-susceptible Enterobacterales bacteraemia: a Peruvian cohort.","","EXCLUIR - Publicado despues de julio de 2026 (fuera de la ventana declarada) [revisado por Diego 27-sep-2026 tras contrastar criterios]","DUDA - Verificar si reporta BLEE o 3GC desagregado para K. pneumoniae (L.J.E., 3-oct-2026)","EXCLUIR - recoleccion 2020-2023, fuera de la ventana 2003-2021 del protocolo; publicado despues de julio de 2026 [consenso D.S. + L.J.E., 3-oct-2026]"
"3","PubMed","42549896","10.1128/spectrum.00762-26","2026","Garcia C","Microbiol Spectr","In vitro susceptibility testing of aztreonam-avibactam against predominantly NDM-producing Enterobacterales in Peru.","","EXCLUIR - Publicado despues de julio de 2026 (fuera de la ventana declarada) [revisado por Diego 27-sep-2026 tras contrastar criterios]","EXCLUIR - Muestra seleccionada de no sensibles a carbapenemicos (L.J.E., 3-oct-2026)","EXCLUIR - Publicado despues de julio de 2026 (fuera de la ventana declarada) [revisado por Diego 27-sep-2026 tras contrastar criterios] [consenso D.S. + L.J.E., 3-oct-2026]"
"4","PubMed","42531587","10.17843/rpmesp.2026.432.15661","2026","Soto-Flores KG","Rev Peru Med Exp Salud Publica","Multidrug-resistant enterobacterales carrying the acc(6')-Ian gene.","","INCLUIR","EXCLUIR - Cepas seleccionadas resistentes a carbapenemicos; aminoglucosidos (L.J.E., 3-oct-2026)","INCLUIR (texto completo) [consenso D.S. + L.J.E., 3-oct-2026]"
"5","PubMed","42531584","10.17843/rpmesp.2026.432.15600","2026","Lara-Herrera F","Rev Peru Med Exp Salud Publica","Clinical and microbiological characteristics of neonates with bacteremia by NDM-producing Klebsiella pneumoniae in a Peruvian referral hospital.","","INCLUIR","EXCLUIR - Aislados productores de NDM; sin denominador (L.J.E., 3-oct-2026)","INCLUIR (texto completo) [consenso D.S. + L.J.E., 3-oct-2026]"
"6","PubMed","42514078","10.3390/microorganisms14071573","2026","Quispe Oré K","Microorganisms","Exploratory Genomic Characterisation of the Resistome, Virulome and Molecular Epidemiology of Multidrug-Resistant Klebsiella pneumoniae Clinical Isolates from Four Peruvian Regions.","","INCLUIR","EXCLUIR - Genomico exploratorio n=7, cepas MDR seleccionadas (L.J.E., 3-oct-2026)","INCLUIR (texto completo) [consenso D.S. + L.J.E., 3-oct-2026]"
"7","PubMed+Scopus","42385980","10.1016/j.jgar.2026.06.020","2026","Palomino-Farfán J","J Glob Antimicrob Resist","Genome-confirmed Pluralibacter gergoviae urinary tract infection in a companion animal in Peru.","","EXCLUIR - Animal (perro); no es K. pneumoniae","EXCLUIR - Organismo no pertinente; caso veterinario (L.J.E., 3-oct-2026)","EXCLUIR - Animal (perro); no es K. pneumoniae [consenso D.S. + L.J.E., 3-oct-2026]"
"8","PubMed+Scopus","42112727","10.3855/jidc.18676","2026","Ortiz-Gómez T","J Infect Dev Ctries","Dynamics and characterization of carbapenemase-producing Enterobacterales isolated from clinical specimens in a private healthcare center in Lima, Peru, from 2018 to 2019.","X12","","",""
"9","PubMed","42094553","10.64898/2026.04.28.721358","2026","Escalante EG","bioRxiv","Expanding Threat of Carbapenemase-Producing Escherichia coli and Klebsiella pneumoniae in Peru: Genomic and Phenotypic Evidence of High-Risk Clones Dissemination.","","INCLUIR","EXCLUIR - Aislados productores de carbapenemasas seleccionados (L.J.E., 3-oct-2026)","INCLUIR (texto completo) [consenso D.S. + L.J.E., 3-oct-2026]"
"10","PubMed","42041328","10.3390/antibiotics15040365","2026","Aguilar-Ancori E","Antibiotics (Basel)","Isolation and Characterization of a Klebsiella Phage H33IIK Targeting Multidrug-Resistant Klebsiella pneumoniae in Peru.","","EXCLUIR - Bacteriofagos, muestras ambientales","EXCLUIR - Experimental in vitro, bacteriofagos (L.J.E., 3-oct-2026)","EXCLUIR - Bacteriofagos, muestras ambientales [consenso D.S. + L.J.E., 3-oct-2026]"
"11","PubMed","41814172","10.1186/s12866-026-04847-6","2026","Aguilar-Luis D","BMC Microbiol","Genetic variants of AcrAB and OqxAB and the impact of efflux pump inhibition on ciprofloxacin and amikacin resistance in clinical isolates of Klebsiella pneumoniae from Lima, Peru.","","INCLUIR","EXCLUIR - Bombas de eflujo, n=16, ciprofloxacino y amikacina (L.J.E., 3-oct-2026)","INCLUIR (texto completo) [consenso D.S. + L.J.E., 3-oct-2026]"
"12","PubMed","41725754","10.3389/fpubh.2026.1736106","2026","Benavides JA","Front Public Health","Circulation of ESBL-producing Klebsiella pneumoniae at the human-animal-environment interface in farms on the central coast of Peru.","","EXCLUIR - Portacion fecal en granjas (humano-animal-ambiente); no son aislamientos clinicos [revisado por Diego 27-sep-2026 tras contrastar criterios]","DUDA - Portacion fecal/ambiental agropecuaria; verificar poblacion (L.J.E., 3-oct-2026)","EXCLUIR - portacion fecal en granjas, no aislamientos clinicos [consenso D.S. + L.J.E., 3-oct-2026]"
"13","PubMed","41383844","10.1093/ofid/ofaf729","2025","Pérez-Lazo G","Open Forum Infect Dis","Thirty-Day Mortality Associated With Carbapenemase-Producing Enterobacterales Bloodstream Infections at a Referral Hospital in Peru, 2020-2023.","X16","","",""
"14","PubMed","40958489","10.3947/ic.2025.0022","2025","Rojas-Alvarado A","Infect Chemother","Clinical and Economic Outcomes Associated with Complicated Urinary Tract Infections Caused by Carbapenem-resistant Enterobacterales in Patients Admitted to a Referral Center in Lima, Peru.","X14","","",""
"15","PubMed+Scopus","40421127","10.1093/jacamr/dlaf089","2025","Palomino-Kobayashi LA","JAC Antimicrob Resist","Detection of rare β-lactamase bla (SCO-1) from a Klebsiella pneumoniae high-risk clone in Peru.","X06","","",""
"16","PubMed","40295561","10.1038/s41598-025-97464-8","2025","Aguilar-Ancori EG","Sci Rep","Identification of pandemic ST147, ESBL-type β-lactamases, carbapenemases, and virulence factors in Klebsiella pneumoniae isolated from southern Peru.","X07","","",""
"17","PubMed","39864654","10.1016/j.jgar.2025.01.009","2025","Brescini L","J Glob Antimicrob Resist","Clinical and molecular characteristics of KPC-producing Klebsiella pneumoniae bloodstream infections: Results of a multicentre study.","","EXCLUIR - Italia","EXCLUIR - Italia (L.J.E., 3-oct-2026)","EXCLUIR - Italia [consenso D.S. + L.J.E., 3-oct-2026]"
"18","PubMed+Scopus","39848816","10.1016/j.ram.2024.10.008","2025","Gonzales-Rodriguez A","Rev Argent Microbiol","First report of KPC-35-producing Klebsiella pneumoniae ST258 isolated in Peru.","X33","","",""
"19","PubMed","39792003","10.1128/spectrum.01825-24","2025","Krapp F","Microbiol Spectr","Emerging carbapenem-resistant Klebsiella pneumoniae in a tertiary care hospital in Lima, Peru.","X10","","",""
"20","PubMed","38444817","10.1093/ofid/ofae052","2024","Rabagliati R","Open Forum Infect Dis","An Emergent Change in Epidemiologic and Microbiological Characteristics of Bloodstream Infections in Adults With Febrile Neutropenia Resulting From Chemotherapy for Acute Leukemia and Lymphoma at Reference Centers in Chile, Ecuador, and Peru.","","INCLUIR","INCLUIR (L.J.E., 3-oct-2026)","INCLUIR (texto completo) [consenso D.S. + L.J.E., 3-oct-2026]"
"21","PubMed","38193666","10.1128/spectrum.02503-23","2024","Cuicapuza D","Microbiol Spectr","Molecular characterization of carbapenemase-producing Enterobacterales in a tertiary hospital in Lima, Peru.","X03","","",""
"22","PubMed+Scopus","37957105","10.1016/j.jiph.2023.10.030","2023","Rondon C","J Infect Public Health","Antibiotic point prevalence survey and antimicrobial resistance in hospitalized patients across Peruvian reference hospitals.","I08","","",""
"23","PubMed","37893481","10.3390/medicina59101763","2023","García-Cedrón D","Medicina (Kaunas)","Carbapenemase-Producing Bacteria Isolated from ICU Patients of a Peruvian Government Hospital during the COVID-19 Pandemic: A Descriptive Analysis.","X01","","",""
"24","PubMed+Scopus","37722663","10.4269/ajtmh.22-0556","2023","Krapp F","Am J Trop Med Hyg","Prevalence of Antimicrobial Resistance in Gram-Negative Bacteria Bloodstream Infections in Peru and Associated Outcomes: VIRAPERU Study.","I09","","",""
"25","PubMed","37022279","10.1128/spectrum.04584-22","2023","Cuicapuza D","Microbiol Spectr","First Report of OXA-181-Producing Enterobacterales Isolates in Latin America.","","INCLUIR","EXCLUIR - Serie n=5, OXA-181 (L.J.E., 3-oct-2026)","INCLUIR (texto completo) [consenso D.S. + L.J.E., 3-oct-2026]"
"26","PubMed+Scopus","36523569","10.29374/2527-2179.bjvm000922","2022","Moya-Salazar J","Braz J Vet Med","Detection of pathogenic Aeromonas hydrophila from two rainbow trout (Oncorhynchus mykiss) farms in Peru.","X30","","",""
"27","PubMed","36200470","10.1111/jcpt.13787","2022","Dehbanipour R","J Clin Pharm Ther","Acinetobacter baumannii: Pathogenesis, virulence factors, novel therapeutic options and mechanisms of resistance to antimicrobial agents with emphasis on tigecycline.","","EXCLUIR - Revision narrativa sobre A. baumannii","EXCLUIR - Acinetobacter; revision narrativa (L.J.E., 3-oct-2026)","EXCLUIR - Revision narrativa sobre A. baumannii [consenso D.S. + L.J.E., 3-oct-2026]"
"28","PubMed+Scopus","34698586","10.1089/mdr.2021.0128","2022","Gonzales-Escalante E","Microb Drug Resist","Whole-Genome Analysis of a High-Risk Clone of Klebsiella pneumoniae ST147 Carrying Both mcr-1 and bla(NDM-1) Genes in Peru.","","INCLUIR","EXCLUIR - Aislado unico (n=1) (L.J.E., 3-oct-2026)","INCLUIR (texto completo) [consenso D.S. + L.J.E., 3-oct-2026]"
"29","PubMed+Scopus","34680802","10.3390/antibiotics10101221","2021","Pérez-Lazo G","Antibiotics (Basel)","Antibiotic Consumption and Its Relationship with Bacterial Resistance Profiles in ESKAPE Pathogens in a Peruvian Hospital.","I06","","",""
"30","PubMed+Scopus","34508324","10.3947/ic.2021.0015","2021","Flores-Paredes W","Infect Chemother","Evolution of Antimicrobial Resistance Levels of ESKAPE Microorganisms in a Peruvian IV-Level Hospital.","I05","","",""
"31","PubMed+Scopus","34166775","10.1016/j.ijantimicag.2021.106389","2021","Fuentes-Castillo D","Int J Antimicrob Agents","Global high-risk clone of extended-spectrum β-lactamase (ESBL)-producing Klebsiella pneumoniae ST307 emerging in livestock in Peru.","X28","","",""
"32","PubMed","33566913","10.17843/rpmesp.2020.374.5422","2020","Naomi-Matsuoka A","Rev Peru Med Exp Salud Publica","Colistin resistance in multidrug-resistant Klebsiella pneumoniae strains at a perinatal maternal institute in Lima, Peru, 2015-2018.","","INCLUIR","EXCLUIR - Cepas MDR seleccionadas; colistina y carbapenemicos (L.J.E., 3-oct-2026)","INCLUIR (texto completo) [consenso D.S. + L.J.E., 3-oct-2026]"
"33","PubMed+Scopus","33455564","10.1080/20477724.2020.1845479","2021","Morante J","Pathog Glob Health","Tolerance to disinfectants (chlorhexidine and isopropanol) and its association with antibiotic resistance in clinically-related Klebsiella pneumoniae isolates.","","INCLUIR","EXCLUIR - Tolerancia a desinfectantes; incluye fomites (L.J.E., 3-oct-2026)","INCLUIR (texto completo) [consenso D.S. + L.J.E., 3-oct-2026]"
"34","PubMed","33397537","10.1017/ice.2020.1401","2022","Arteaga-Livias K","Infect Control Hosp Epidemiol","A multidrug-resistant Klebsiella pneumoniae outbreak in a Peruvian hospital: Another threat from the COVID-19 pandemic.","X32","","",""
"35","PubMed","32932763","10.3390/microorganisms8091392","2020","Pons MJ","Microorganisms","Spread of ST348 Klebsiella pneumoniae Producing NDM-1 in a Peruvian Hospital.","X36","","",""
"36","PubMed","32810638","10.1016/j.jgar.2020.07.028","2020","Papalini C","J Glob Antimicrob Resist","In vitro antibacterial activity of ceftazidime/avibactam in combination against planktonic and biofilm carbapenemase-producing Klebsiella pneumoniae isolated from blood.","","EXCLUIR - Italia (Perugia)","EXCLUIR - Italia (L.J.E., 3-oct-2026)","EXCLUIR - Italia (Perugia) [consenso D.S. + L.J.E., 3-oct-2026]"
"37","PubMed","31116345","10.17843/rpmesp.2019.361.3765","2019","Miranda J","Rev Peru Med Exp Salud Publica","[Antimicrobial resistance of uropathogens in older adults in a private clinic in Lima, Peru].","I04","","",""
"38","PubMed+Scopus","30562395","10.1371/journal.pone.0206909","2018","Lorme F","PLoS One","Acquisition of plasmid-mediated cephalosporinase producing Enterobacteriaceae after a travel to the tropics.","","EXCLUIR - Viajeros franceses, portacion al regreso; sin pacientes en Peru [revisado por Diego 27-sep-2026 tras contrastar criterios]","EXCLUIR - Viajeros franceses; pAmpC (L.J.E., 3-oct-2026)","EXCLUIR - Viajeros franceses, portacion al regreso; sin pacientes en Peru [revisado por Diego 27-sep-2026 tras contrastar criterios] [consenso D.S. + L.J.E., 3-oct-2026]"
"39","PubMed","29958265","10.5867/medwave.2018.03.7213","2018","Gonzales Zamora JA","Medwave","Carbapenemase-producing Klebsiella pneumoniae in Perú: Is there a need for further phenotypic and genotypic testing?","","INCLUIR (texto completo) - carta al editor; leida y excluida E6 [revisado por Diego 27-sep-2026 tras contrastar criterios]","EXCLUIR - Opinion/editorial sin datos (L.J.E., 3-oct-2026)","INCLUIR (texto completo) [consenso D.S. + L.J.E., 3-oct-2026]"
"40","PubMed","29924279","10.17843/rpmesp.2018.351.3601","2018","Sarmiento AF","Rev Peru Med Exp Salud Publica","[Frequency and risk factors for bacteremia caused by extendedspectrum beta-lactamase-producing enterobacteriaceae in patients of a public hospital in Lima, Peru].","","INCLUIR","INCLUIR (L.J.E., 3-oct-2026)","INCLUIR (texto completo) [consenso D.S. + L.J.E., 3-oct-2026]"
"41","PubMed","29652297","10.5867/medwave.2018.02.7191","2018","Quispe Pari JF","Medwave","Carbapenemase producing Klebsiella pneumoniae in Peru: a case report and antimicrobial resistance discussion.","X34","","",""
"42","PubMed+Scopus","29177386","10.17843/rpmesp.2017.342.2615","2017","Resurrección-Delgado C","Rev Peru Med Exp Salud Publica","[Klebsiella pneumoniae NEW DELHI METALO-LACTAMASE IN A PERUVIAN NATIONAL HOSPITAL].","","INCLUIR","EXCLUIR - Serie n=9, NDM (L.J.E., 3-oct-2026)","INCLUIR (texto completo) [consenso D.S. + L.J.E., 3-oct-2026]"
"43","PubMed","28219824","10.1016/j.jgar.2016.12.011","2017","Horna G","J Glob Antimicrob Resist","Characterisation of the first KPC-2-producing Klebsiella pneumoniae ST340 from Peru.","X11","","",""
"44","PubMed","27409087","","2016","Revoredo Rego F","Rev Gastroenterol Peru","[Microbiological and resistance profiles of community acquired and nosocomial intra abdominal infections in surgery of National Hospital Guillermo Almenara, Lima, Peru].","","INCLUIR","INCLUIR (L.J.E., 3-oct-2026)","INCLUIR (texto completo) [consenso D.S. + L.J.E., 3-oct-2026]"
"45","PubMed","27287559","10.1016/j.meegid.2016.06.018","2016","Gomez SA","Infect Genet Evol","Performance of a PCR assay for the rapid identification of the Klebsiella pneumoniae ST258 epidemic clone in Latin American clinical isolates.","","EXCLUIR - Validacion de PCR; 3 aislamientos peruanos entre 143, sin prevalencia [revisado por Diego 27-sep-2026 tras contrastar criterios]","EXCLUIR - Validacion de PCR ST258; Peru n=3 (L.J.E., 3-oct-2026)","EXCLUIR - Validacion de PCR; 3 aislamientos peruanos entre 143, sin prevalencia [revisado por Diego 27-sep-2026 tras contrastar criterios] [consenso D.S. + L.J.E., 3-oct-2026]"
"46","PubMed","26810235","10.1007/5584_2015_5018","2016","Monari C","Adv Exp Med Biol","Carbapenem-Resistant Klebsiella pneumoniae: Results of a Laboratory Surveillance Program in an Italian General Hospital (August 2014-January 2015) : Surveillance of Carbapenem-resistant Klebsiella pneumoniae.","","EXCLUIR - Italia (Perugia)","EXCLUIR - Italia (L.J.E., 3-oct-2026)","EXCLUIR - Italia (Perugia) [consenso D.S. + L.J.E., 3-oct-2026]"
"47","PubMed+Scopus","26643537","10.4269/ajtmh.15-0373","2016","García C","Am J Trop Med Hyg","Molecular Characterization of Extended-Spectrum β-Lactamase-Producer Klebsiella pneumoniae Isolates Causing Neonatal Sepsis in Peru.","I03","","",""
"48","PubMed","26102102","","2015","Colquechagua Aliaga F","Rev Peru Med Exp Salud Publica","[Extended-spectrum beta-lactamase (esbl)-producing enterobacteriaceae in fecal samples at the National Institute of Child Health, Peru].","","EXCLUIR - Heces con colonias preseleccionadas BLEE; no son aislamientos clinicos [revisado por Diego 27-sep-2026 tras contrastar criterios]","DUDA - Portacion fecal BLEE en pediatricos ambulatorios; verificar si el protocolo incluye portacion (L.J.E., 3-oct-2026)","EXCLUIR - colonizacion fecal (el protocolo excluye estudios solo de colonizacion) [consenso D.S. + L.J.E., 3-oct-2026]"
"49","PubMed","21393218","10.1093/jac/dkr026","2011","Pallecchi L","J Antimicrob Chemother","Small qnrB-harbouring ColE-like plasmids widespread in commensal enterobacteria from a remote Amazonas population not exposed to antibiotics.","","EXCLUIR - Enterobacterias comensales de poblacion sana [revisado por Diego 27-sep-2026 tras contrastar criterios]","EXCLUIR - Comensales en poblacion sana; plasmidos qnrB (L.J.E., 3-oct-2026)","EXCLUIR - Enterobacterias comensales de poblacion sana [revisado por Diego 27-sep-2026 tras contrastar criterios] [consenso D.S. + L.J.E., 3-oct-2026]"
"50","PubMed","19364872","10.1128/AAC.01722-08","2009","Pallecchi L","Antimicrob Agents Chemother","High prevalence of qnr genes in commensal enterobacteria from healthy children in Peru and Bolivia.","","EXCLUIR - Enterobacterias comensales de ninos sanos (Peru y Bolivia) [revisado por Diego 27-sep-2026 tras contrastar criterios]","EXCLUIR - Ninos sanos (comensal); genes qnr (L.J.E., 3-oct-2026)","EXCLUIR - Enterobacterias comensales de ninos sanos (Peru y Bolivia) [revisado por Diego 27-sep-2026 tras contrastar criterios] [consenso D.S. + L.J.E., 3-oct-2026]"
"51","PubMed+Scopus","15183860","10.1016/j.diagmicrobio.2004.03.003","2004","Kiffer CR","Diagn Microbiol Infect Dis","Pharmacodynamic comparisons of antimicrobials against nosocomial isolates of escherichia coli, klebsiella pneumoniae, acinetobacter baumannii and pseudomonas aeruginosa from the MYSTIC surveillance program: the OPTAMA Program, South America 2002.","","EXCLUIR - Simulacion farmacodinamica con datos agrupados de Sudamerica [revisado por Diego 27-sep-2026 tras contrastar criterios]","EXCLUIR - Simulacion Monte Carlo, datos multinacionales (L.J.E., 3-oct-2026)","EXCLUIR - Simulacion farmacodinamica con datos agrupados de Sudamerica [revisado por Diego 27-sep-2026 tras contrastar criterios] [consenso D.S. + L.J.E., 3-oct-2026]"
"52","Scopus","34993550","10.1093/trstmh/trab186","2022","Ymaña B.","Transactions of the Royal Society of Tropical Medicine and Hygiene","Worrying levels of antimicrobial resistance in Gram-negative bacteria isolated from cell phones and uniforms of Peruvian intensive care unit workers","","EXCLUIR - Fomites (celulares y uniformes), no pacientes [revisado por Diego 27-sep-2026 tras contrastar criterios]","EXCLUIR - Fomites (telefonos y uniformes), no clinicos (L.J.E., 3-oct-2026)","EXCLUIR - Fomites (celulares y uniformes), no pacientes [revisado por Diego 27-sep-2026 tras contrastar criterios] [consenso D.S. + L.J.E., 3-oct-2026]"
"53","Scopus","","10.3390/microbiolres15040175","2024","Challapa-Mamani M.R.","Microbiology Research","Acinetobacter baumannii Co-Resistant to Extended Spectrum Beta-Lactamases and Carbapenemases in Six Peruvian Hospital Centers","","EXCLUIR - Solo A. baumannii","EXCLUIR - Acinetobacter (L.J.E., 3-oct-2026)","EXCLUIR - Solo A. baumannii [consenso D.S. + L.J.E., 3-oct-2026]"
"54","Scopus","","10.14202/vetworld.2024.880-887","2024","Ventura M.","Veterinary World","Antimicrobial resistance and associated risk factors in Escherichia coli isolated from Peruvian dogs: A focus on extended-spectrum β-lactamases and colistin","","EXCLUIR - Animal (perros), E. coli","EXCLUIR - Perros (L.J.E., 3-oct-2026)","EXCLUIR - Animal (perros), E. coli [consenso D.S. + L.J.E., 3-oct-2026]"
"55","Scopus","","10.25176/RFMH.v24i4.6573","2024","Achong-Sánchez J.","Revista de la Facultad de Medicina Humana","MICROBIOLOGICAL PROFILE OF ANTIMICROBIAL SENSITIVITY AND RESISTANCE IN A GENERAL HOSPITAL IN THE PERUVIAN JUNGLE, 2021; [PERFIL MICROBIOLÓGICO DE SENSIBILIDAD Y RESISTENCIA ANTIMICROBIANA EN UN HOSPITAL GENERAL DE LA SELVA PERUANA 2021]","","INCLUIR","INCLUIR (L.J.E., 3-oct-2026)","INCLUIR (texto completo) [consenso D.S. + L.J.E., 3-oct-2026]"
"56","Scopus","38300753","10.1080/19490976.2024.2309681","2024","Nadimpalli M.L.","Gut Microbes","Effects of breastfeeding on children’s gut colonization with multidrug-resistant Enterobacterales in peri-urban Lima, Peru","","EXCLUIR - Colonizacion intestinal de ninos, no infecciones [revisado por Diego 27-sep-2026 tras contrastar criterios]","EXCLUIR - Colonizacion intestinal en lactantes sanos (L.J.E., 3-oct-2026)","EXCLUIR - Colonizacion intestinal de ninos, no infecciones [revisado por Diego 27-sep-2026 tras contrastar criterios] [consenso D.S. + L.J.E., 3-oct-2026]"
"57","Scopus","","","2021","Flores-Paredes W.","Acta Microbiologica Hellenica","Prevalence and antimicrobial resistance of non-ESKAPE-Ec Enterobacteriales in a IV-level hospital in Lima, Peru","","EXCLUIR - Estudia enterobacterias no ESKAPE; excluye K. pneumoniae por diseno [revisado por Diego 27-sep-2026 tras contrastar criterios]","INCLUIR (L.J.E., 3-oct-2026)","EXCLUIR - estudia Enterobacterales distintos de K. pneumoniae [consenso D.S. + L.J.E., 3-oct-2026]"
"58","Scopus","","10.3390/antibiotics11020187","2022","Ballesté-Delpierre C.","Antibiotics","Assessment of In Vitro Cefiderocol Susceptibility and Comparators against an Epidemiologically Diverse Collection of Acinetobacter baumannii Clinical Isolates","","EXCLUIR - Solo A. baumannii","EXCLUIR - Acinetobacter; coleccion multinacional (L.J.E., 3-oct-2026)","EXCLUIR - Solo A. baumannii [consenso D.S. + L.J.E., 3-oct-2026]"
"59","Scopus","33248262","10.1016/j.tmaid.2020.101940","2021","Dao T.L.","Travel Medicine and Infectious Disease","Acquisition of multidrug-resistant bacteria and colistin resistance genes in French medical students on internships abroad","","EXCLUIR - Estudiantes franceses, portacion al regreso; sin pacientes en Peru [revisado por Diego 27-sep-2026 tras contrastar criterios]","EXCLUIR - Estudiantes franceses; sin datos primarios de Peru (L.J.E., 3-oct-2026)","EXCLUIR - Estudiantes franceses, portacion al regreso; sin pacientes en Peru [revisado por Diego 27-sep-2026 tras contrastar criterios] [consenso D.S. + L.J.E., 3-oct-2026]"
"60","Scopus","24389277","10.1016/j.bjid.2013.10.005","2014","Guzmán-Blanco M.","Brazilian Journal of Infectious Diseases","Extended spectrum β-lactamase producers among nosocomial Enterobacteriaceae in Latin America","","EXCLUIR - Revision de la literatura sin datos primarios","EXCLUIR - Revision regional sin datos primarios (L.J.E., 3-oct-2026)","EXCLUIR - Revision de la literatura sin datos primarios [consenso D.S. + L.J.E., 3-oct-2026]"
"61","Scopus","22377436","10.3201/eid1803.100878","2012","García C.","Emerging Infectious Diseases","Antimicrobial drug resistance in Peru","I01","","",""
"62","Scopus","","10.3389/fvets.2023.1340428","2023","Bazalar-Gonzales J.","Frontiers in Veterinary Science","Genomic insights into ESBL-producing Escherichia coli isolated from non-human primates in the Peruvian Amazon","","EXCLUIR - Muestras no humanas (heces de primates)","EXCLUIR - Primates no humanos (L.J.E., 3-oct-2026)","EXCLUIR - Muestras no humanas (heces de primates) [consenso D.S. + L.J.E., 3-oct-2026]"
"63","Scopus","31336179","10.1016/j.tmaid.2019.07.015","2019","Mendes Oliveira V.R.","Travel Medicine and Infectious Disease","Plasmid-mediated colistin resistance in Latin America and Caribbean: A systematic review","","EXCLUIR - Revision sistematica regional, no es estudio primario","EXCLUIR - Revision sistematica regional, mcr (L.J.E., 3-oct-2026)","EXCLUIR - Revision sistematica regional, no es estudio primario [consenso D.S. + L.J.E., 3-oct-2026]"
"64","Scopus","33296338","10.3855/jidc.12568","2020","Quispe A.M.","Journal of Infection in Developing Countries","Multidrug resistance bacteremia in neonates and its association with late-onset sepsis and Coagulase-negative Staphylococci","","INCLUIR","INCLUIR (L.J.E., 3-oct-2026)","INCLUIR (texto completo) [consenso D.S. + L.J.E., 3-oct-2026]"
"65","Scopus","","10.25176/RFMH.v22i2.4275","2022","Chilon-Chavez M.A.","Revista de la Facultad de Medicina Humana ","MICROBIOLOGICAL PROFILE OF ISOLATED MICROORGANISMS FROM PATIENTS IN INTENSIVE CARE UNITS OF A HOSPITAL IN LAMBAYEQUE, PERU, 2019-2020; [PERFIL MICROBIOLÓGICO DE MICROORGANISMOS AISLADOS DE PACIENTES EN UNIDADES DE CUIDADOS INTENSIVOS DE UN HOSPITAL DE LAMBAYEQUE, PERÚ, 2019-2020]","","INCLUIR","INCLUIR (L.J.E., 3-oct-2026)","INCLUIR (texto completo) [consenso D.S. + L.J.E., 3-oct-2026]"
"66","Scopus","","10.1016/j.toxrep.2023.02.002","2023","Custodio M.","Toxicology Reports","Diversity of enterobacterales in sediments of lagoons with fish farming activity and analysis of antibiotic resistance","","EXCLUIR - Muestras ambientales (sedimentos de lagunas)","EXCLUIR - Muestras ambientales/acuicolas (L.J.E., 3-oct-2026)","EXCLUIR - Muestras ambientales (sedimentos de lagunas) [consenso D.S. + L.J.E., 3-oct-2026]"
