"ID","Estudio","Recoleccion_verificada","Meta_year","Ambito","Muestra_verificada","Seleccion","Un_aislamiento_por_paciente","N_especie","Farmaco_3GC_elegido","Numerador","Denominador","Categoria","Metodo_AST","Estandar","Donde_esta_el_dato","ESBL_n_N","Otros_abx_n_N"
"I01","García et al., 2012 (EID)","abr-2008 a mar-2009","2009","9 hospitales públicos, Lima; hemocultivos consecutivos","Sangre","No seleccionada (primeros 934 de 1 681 aislamientos probados)","SÍ (primer aislamiento por paciente)","321","NINGUNO: el dato es fenotipo BLEE","241","321","n/a (fenotipo BLEE)","MicroScan NC50","CLSI M100-S18 (2008)","Texto, párrafos 3 y 5; sin tabla ni apéndice","241/321","CIP 207/321; TMP-SMX 233/321; IPM y MEM 0/321; GEN y AMK solo en BLEE+"
"I02","Luján-Roca et al., 2013 (Electron J Biomed)","ene-dic 2003","2003","HN Hipólito Unanue, Lima; urocultivos de pacientes mujeres, ambulatorias e internadas","Orina","No seleccionada (todas las K. pneumoniae de urocultivo)","SÍ (un aislado por paciente)","41","Cefotaxima","14","35","Solo R (intermedios contados como sensibles)","Disco-difusión Kirby-Bauer","NCCLS M2-A7 (2002)","Tabla 1, p. 27","No determinado","AMP 34/41; AMC 5/39; ATM 12/24; NAL 10/24; NOR 12/29; NIT 5/31; CAZ 10/38. CIP, GEN, AMK, TMP-SMX, carbapenémicos: no probados"
"I03","García et al., 2016 (AJTMH)","2008 a 2011 (sin meses)","2010","8 hospitales públicos, Lima y Callao; hemocultivos neonatales consecutivos","Sangre (población neonatal)","No seleccionada (176 = todas las K. pneumoniae de hemocultivo neonatal; solo la tipificación molecular se limitó a las 129 BLEE+)","non-duplicate consecutive (sin frase explícita de un aislamiento por paciente)","176","NINGUNO: el dato es fenotipo BLEE","129","176","n/a (fenotipo BLEE, doble disco CTX y CAZ)","Disco-difusión + doble disco","CLSI M100-S22 (2012)","Tabla 1 p. 286 y texto","129/176","Valores globales derivados de % por subgrupo: GEN 116/176; TMP-SMX 81/176; CIP 62/176; AMK 53/176; carbapenem 0/176 (1 IPM intermedio). OJO: la base tiene los % del subgrupo BLEE+ (n=129) como si fueran de los 176"
"I04","Miranda et al., 2019 (RPMESP)","ene-2014 a oct-2016","2015","Clínica Centenario Peruano Japonesa, Lima; urocultivos de mayores de 60 años (15 hospitalizados + 93 ambulatorios)","Orina","No seleccionada (todos los urocultivos positivos con perfil)","No declarado (unidad = urocultivo)","108","Ceftriaxona = cefotaxima = ceftazidima (49,1 % S en las tres)","55","108","No sensible (complemento de sensible = R+I)","VITEK (CMI microdilución)","CLSI M100-S25 (2015)","Tabla 2 p. 90 (% S); Tabla 4 p. 91 (BLEE 5+50)","55/108","CIP 51,4 % NS; GEN 26,9 % NS; AMK 3,8 % NS; carbapenémicos 0,9 % NS; TMP-SMX no reportado para K. pneumoniae"
"I05","Flores-Paredes et al., 2021 (Infect Chemother)","ene-2009 a jun-2010 + ene-2012 a dic-2014 (dos periodos agrupados)","2012","HNGAI, Lima; internados de Medicina, Cirugía y UCI","Muestras clínicas no especificadas","No seleccionada (todos los aislamientos ESKAPE de los 3 servicios)","No declarado","1313 (497 + 816)","Ceftriaxona (agente con mayor prevalencia, regla GBD; cefotaxima 79 %, ceftazidima 79 %)","1050","1313","R+I (non-susceptible, declarado)","MicroScan (P1); MicroScan + Vitek 2 (P2)","CLSI M100-S24 (2014)","Tabla 3A (solo %)","~77,5 % (80 % P1, 76 % P2)","CIP 76 %; TMP-SMX 72 %; GEN 59 %; AMK 14 %; ETP 2 %; IPM y MEM 0 %"
"I06","Pérez-Lazo et al., 2021 (Antibiotics)","2015 a 2018","2017","HNGAI, Lima; salas médicas, quirúrgicas y UCI (base WHONET)","No declarada (base de laboratorio WHONET)","No seleccionada","SÍ (duplicados del mismo paciente <30 días excluidos)","1154","Ceftazidima (única 3GC reportada para K. pneumoniae)","772 (ponderado por área-año desde Tabla S1)","1154","Ambiguo (Tabla S1 dice resistance; Métodos dice non-susceptible)","MicroScan WalkAway 96","CLSI de cada año 2015-2018","Tabla S1 (suplemento), % por área y año","833/1154 (72,2 %)","CIP ~809/1154; AMK ~53; IPM ~99; MEM ~99; ETP ~104; TZP ~292. GEN y TMP-SMX no reportados"
"X56","Fajardo-Loyola et al., 2023 (Rev Fac Med Bogotá)","abr-ago 2019","2019","3 hospitales (Huaycán, San Bartolomé, Sabogal), Lima y Callao; urocultivos","Orina","PRESELECCIONADA: antibiotic-resistant y BLEE en título y objetivo; 118/118 MDR; 13/13 con gen BLEE; sin marco muestral ni denominador del periodo","No declarado","13","Cefotaxima","11","13","Solo resistant reportado; manejo de I no declarado","MicroScan autoSCAN-4, Neg Combo 66 (CMI)","CLSI 2020","Tabla 2 p. 5","13/13 genotipo (fenotipo no tabulado)","CIP 9/13; TMP-SMX 6/13; GEN 5/13; AMK 0/13; IPM 1/13; MEM 1/13; CAZ 10/13"
"I08","Rondon et al., 2023 (JIPH)","sep-dic 2019 (3 semanas por hospital)","2019","10 hospitales públicos en 9 regiones (2 en Lima); cultivos de rutina","Sangre (n=11) y Orina (n=63), dos filas","No seleccionada (cultivos solicitados por el médico tratante en la ventana)","No declarado","74 (11 + 63)","Clase 3rd gen cephalosporins, fármaco no especificado","39 (8 sangre + 31 orina)","74","Resistant; R vs R+I no declarado","Métodos locales de cada laboratorio","CLSI, año no declarado","Tabla D.1","No reportado para K. pneumoniae","Sangre: CIP 5/11, AMK 0/11, GEN 8/10, MEM 2/11. Orina: CIP 34/63, AMK 2/63, GEN 25/63, MEM 2/63. TMP-SMX no reportado"
"I09","Krapp et al., 2023 (AJTMH, VIRAPERU)","jul-2017 a oct-2019","2018","15 hospitales terciarios públicos en 12 de 24 regiones; hemocultivos consecutivos","Sangre","No seleccionada (consecutivos)","SÍ (primer aislamiento por paciente, explícito)","118","Ceftriaxona (= compuesto ceftriaxona o ceftazidima)","81","118","Solo R (intermedios explícitamente no contados)","Disco-difusión, laboratorio central","CLSI 2021","Tabla 1; Tabla S3 (Lima 51/75 + regiones 30/43)","66/118 (55,9 %; probado solo en 3GC-R)","CIP 80/118; TMP-SMX 78/118; GEN 58/118; AMK 5/118; carbapenem 13/118; CAZ 69/118"
"I10","Quispe et al., 2020 (JIDC)","ene-2017 a jun-2018","2018","Instituto Nacional Materno Perinatal, Lima; hemocultivos de neonatos con sepsis confirmada","Sangre (población neonatal)","No seleccionada (todos los casos)","SÍ (un caso = un neonato)","38 (sepsis tardía) + 4 (temprana)","Cefotaxima","21","29","R+I (declarado)","Disco-difusión Kirby-Bauer","CLSI M100-S28 (2018)","Tabla 3 p. 1259, columna Klebsiella N=38","25/28 (subconjunto probado)","CAZ 20/30; CIP 18/30; TMP-SMX 23/27; GEN 13/27; AMK 11/29; MEM 0/30; IPM 0/25"
"I11","Chilón-Chávez et al., 2022 (Rev Fac Med Hum)","abr-2019 a mar-2020","2019","Hospital Regional Lambayeque, Chiclayo; UCI y UCEP; censo","Múltiple (18 respiratorio, 10 orina, 5 sangre)","No seleccionada (censo de cultivos positivos)","SÍ (un registro por paciente)","33","Ceftriaxona (cefotaxima no probada)","21","25","No sensible (complemento de S; categorías S/I/R)","VITEK","CLSI 2019","Tabla 4, fila K. pneumoniae Todas","18/33","CAZ 11/14; CIP 22/30; TMP-SMX 17/23; AMK 5/33; MEM 4/25; FEP 25/31; GEN, IPM, ETP sin dato"
"X38","Castilla Torres, 2024 (tesis)","2021","2021","HR Miguel A. Mariscal Llerena, Ayacucho","Orina","n/a","n/a","20","(no auditado: excluido E8)","13","20","","","","","",""
"I12","Gonzales et al., 2019 (Rev Med Hered)","ago-2012 a ene-2013","2012","Instituto Nacional de Salud del Niño-Breña, Lima; hospitalizados (cirugía, medicina, UCI) y ambulatorios (emergencia, consultorios)","Múltiple (orina, sangre, secreciones respiratorias y de herida, LCR, catéter)","No seleccionada (aislamientos consecutivos, no repetidos)","'No repetidas' (sin frase explícita por paciente)","181","NINGUNO sobre el total: fenotipo BLEE (sinergia de doble disco) como proxy nivel 3","74","181","n/a (fenotipo BLEE)","Disco-difusión CLSI; BLEE por sinergia de doble disco (Jarlier); CTX-M por PCR","CLSI (edición no indicada)","Resultados, p. 244 (74/181); Gráfico 2 solo BLEE+","74/181","Solo en el subgrupo BLEE+ (n=74): CTX 100 %, CAZ 70,9–84,2 %, CIP 50,9–63,2 %, GEN 63,2–74,5 %, SXT ~90 %, IPM/MEM 0 %"
"I13","Falconí-Sarmiento et al., 2018 (RPMESP)","ene-2016 a dic-2016","2016","Hospital Nacional Cayetano Heredia, Lima; adultos (> 14 años) hospitalizados con hemocultivo positivo para enterobacterias","Sangre","No seleccionada (todas las bacteriemias por enterobacterias del año)","SÍ (7 casos repetidos excluidos)","25","NINGUNO: el dato es fenotipo BLEE","14","25","n/a (fenotipo BLEE definido como R o I a cefalosporinas de 1.ª-3.ª generación y aztreonam)","VITEK 2 (disco difusión manual si no procesable)","CLSI (edición citada en el artículo)","Tabla 1, fila Klebsiella pneumoniae","14/25","No reportados por especie"
