"id","study_label_author","hospital","location","study_year_range","meta_year","sample_type","n_tested","ampicillin","amc","caz","ctx","atm","nalidixic_acid","nit","norfloxacin","cip","tmp_smx","amk","gen","cro","carbapenem_resistance","esbl","n_resistant","prevalence","primary_report","measurement_tier","agent_used","source_link","design_type","notes_caveats_es"
"1","Luján-Roca ","HN Hipólito Unánue ","Lima","2003","2003","Urine","35","0.83","0.13","0.263","0.400","0.5","0.42","0.16","0.41","","","","","","","","14","0.4000","SI","1","cefotaxime (R only)","Dialnet ","Vigilancia retrospectiva de laboratorio (un solo hospital)","Solo mujeres; N especie 41, 35 probadas frente a cefotaxima; intermedios contados como sensibles (auditoría 27-sep-2026)"
"2","García et al. ","9 hospitals Lima","Lima","2008–2009","2009","Blood","321","","","","","","","","","0.645","0.726","","","","0.000","0.751","241","0.7508","SI","3","ESBL phenotype (proxy, tier 3)","PMC3309565","Vigilancia retrospectiva de laboratorio (multi-hospital, 9 hospitales)","Informe PRIMARIO del estudio García 2012/2016. Sin dato 3GC por agente: BLEE como límite inferior (EUCAST 2017; Kowalski 2024). Sensibilidad sin él."
"3","García et al. ","8 hospitals Lima/Callao","Lima","2008–2011","2010","Blood (neonatal)","176","","","","","","","","","0.352","0.460","0.301","0.659","","0.000","0.733","129","0.7330","NO","3","ESBL phenotype (proxy, tier 3)","PMC4751962","Vigilancia retrospectiva de laboratorio (multi-hospital, 8 hospitales, población neonatal)","Informe SECUNDARIO de García 2012 (Cochrane MECIR C42): no aporta estimado al análisis primario; sólo sensibilidad. Muestra corregida a sangre; otros antibióticos corregidos a valores globales (antes eran del subgrupo BLEE+)."
"4","Flores-Paredes ","Lima (Period 1+2)","Lima","2009–2014","2012","Clinical samples (unspecified)","1313","","0.71","0.790","0.790","","","","","0.760","0.720","0.140","0.590","0.800","0.000","0.775","1050","0.7997","SI","1","ceftriaxone (highest agent, GBD rule; R+I)","PMC ","Vigilancia retrospectiva de laboratorio (un solo centro, múltiples servicios)","Numeradores derivados de porcentajes redondeados. Dos periodos agrupados (2009-2010, 2012-2014). Muestra no especificada."
"5","Miranda et al. ","Clinic Centenario","Lima","2014–2016","2015","Urine","108","1","0.64","0.509","0.509","","","0.63","","0.514","","0.038","0.269","0.509","0.009","0.509","55","0.5093","SI","1","ceftriaxone = cefotaxime = ceftazidime (49.1% S; R+I)","Antimicrobial resistance of uropathogens in older adults in a private clinic in Lima, Peru","Vigilancia retrospectiva de laboratorio (clínica privada, un solo centro)","Mayores de 60 años; 15 hospitalizados + 93 ambulatorios; numerador derivado de 49,1 % S."
"6","Krapp ","VIRAPERU ","Perú","2017–2019","2018","Blood","118","","","0.585","","0.65","","","","0.678","0.661","0.042","0.492","0.686","0.110","0.559","81","0.6864","SI","1","ceftriaxone (= ceftriaxone or ceftazidime composite; R only)","PMC ","Cohorte prospectiva multicéntrica (VIRAPERU)","Primer aislamiento por paciente; CLSI 2021; intermedios no contados."
"9","Rondon et al. ","10 hospitales públicos (red nacional, PPS)","Perú (9 regiones: Lima x2, La Libertad, Lambayeque, Junín, Loreto, Cusco, Ica, Ucayali, Tumbes)","2019","2019","Blood","11","","","","","","","","","0.455","","0.000","0.800","","0.182","","8","0.7273","SI","2","3GC class as reported (agent not specified)","PMC12151264","Encuesta de prevalencia puntual (Point Prevalence Survey), multicéntrica","Rondon sangre; clase 3GC sin agente; R vs R+I no declarado."
"10","Rondon et al. ","10 hospitales públicos (red nacional, PPS)","Perú (9 regiones: Lima x2, La Libertad, Lambayeque, Junín, Loreto, Cusco, Ica, Ucayali, Tumbes)","2019","2019","Urine","63","","","","","","","","","0.540","","0.032","0.397","","0.032","","31","0.4921","SI","2","3GC class as reported (agent not specified)","PMC12151264","Encuesta de prevalencia puntual (Point Prevalence Survey), multicéntrica","Rondon orina; posible solapamiento pequeño con Chilón-Chávez (Lambayeque, 3 semanas 2019)."
"11","Pérez-Lazo et al. ","Hospital Nacional Guillermo Almenara Irigoyen (EsSalud)","Lima","2015–2018","2017","Not stated","1154","","","0.669","","","","","","0.701","","0.046","","","0.086","0.722","772","0.6690","SI","1","ceftazidime (only 3GC reported; R/NS ambiguous)","PMC8532675","Vigilancia retrospectiva de laboratorio (un solo centro, multiples servicios: Medicina+Cirugia+UCI); estudio de consumo de antibioticos vs. perfiles de resistencia ESKAPE.","Antes 833 (conteo BLEE). Ceftazidima ponderada por área-año (Tabla S1). Deduplicación 30 días."
"12","Quispe et al. ","Instituto Nacional Materno Perinatal","Lima","2017–2018","2018","Blood (neonatal)","29","","","0.667","0.724","0.65","","","","0.600","0.852","0.379","0.481","","0.000","0.893","21","0.7241","SI","1","cefotaxime (R+I)","https://doi.org/10.3855/jidc.12568","Transversal, todos los casos de sepsis neonatal con hemocultivo positivo (un solo instituto)","Incluido 26-sep-2026. Sólo sepsis tardía (N=38; 29 probados frente a cefotaxima). Tablas rotulan Klebsiella spp.; texto identifica K. pneumoniae."
"13","Chilón-Chávez et al. ","Hospital Regional Lambayeque (UCI)","Lambayeque","2019–2020","2019","Multiple (respiratory + urine + blood)","25","","","0.786","","0.65","","","","0.733","0.739","0.152","","0.840","0.160","0.545","21","0.8400","SI","1","ceftriaxone (complement of S; R+I)","https://doi.org/10.25176/RFMH.v22i2.4275","Transversal censal de cultivos positivos de UCI (un solo hospital)","Incluido 26-sep-2026. 33 K. pneumoniae; 25 probadas frente a ceftriaxona. Posible solapamiento pequeño con Rondon."
"14","Gonzales et al. ","Instituto Nacional de Salud del Niño-Breña","Lima","2012–2013","2012","Multiple (urine, blood, respiratory, other)","181","","","","","","","","","","","","","","","0.409","74","0.4088","SI","3","ESBL phenotype (proxy, tier 3)","https://doi.org/10.20453/rmh.v30i4.3659","Descriptivo transversal, aislamientos consecutivos no duplicados (un solo instituto pediátrico)","Incluido 30-sep-2026. Sin 3GC por agente sobre el total: BLEE (doble disco) como proxy nivel 3; CTX 100 % entre BLEE+. Otros antibióticos solo en el subgrupo BLEE+ (no se extraen). Población pediátrica."
"15","Falconí-Sarmiento et al. ","HN Cayetano Heredia","Lima","2016","2016","Blood","25","","","","","","","","","","","","","","","0.560","14","0.5600","SI","3","ESBL phenotype (proxy, tier 3)","https://doi.org/10.17843/rpmesp.2018.351.3601","Transversal descriptivo (un solo hospital; todas las bacteriemias por enterobacterias en mayores de 14 años)","Incluido 3-oct-2026. 85 casos analizados de 98 únicos (13 historias no halladas; 7 repetidos excluidos). K. pneumoniae 25; BLEE+ 14 (Tabla 1). BLEE = R o I a cefalosporinas de 1.ª-3.ª generación y aztreonam (VITEK 2, CLSI): sustituto, límite inferior."
"16","Morales et al. ","HN Guillermo Almenara Irigoyen y HN Edgardo Rebagliati Martins","Lima","2000","2000","Clinical samples (unspecified)","18","","","0.556","0.611","0.611","","","","","","","","0.611","0","0.444","11","0.6111","SI","1","Cefotaxime (non-susceptible, R+I)","http://www.scielo.org.pe/scielo.php?script=sci_arttext&pid=S1025-55832005000100005","Transversal; cepas clinicas consecutivas de dos hospitales (jul-sep 2000)","Incluido 8-oct-2026 (busqueda SciELO). 18 cepas; cefotaxima R 27,8 % + I 33,3 % = 11/18 no sensibles (Tabla 1 del articulo). NCCLS 2000 (puntos de corte anteriores a 2010). Muestra clinica sin especificar; un aislamiento por paciente no declarado. BLEE 8/18."
"17","Sosa-Flores et al. ","HN Almanzor Aguinaga Asenjo","Chiclayo","2020–2021","2021","Blood (neonatal)","11","","","0.545","0.545","","","","","0.455","0.182","0","0","","0","","6","0.5455","SI","1","Cefotaxime (resistant, as reported)","https://doi.org/10.35434/rcmhnaaa.2024.174.2425","Descriptivo retrospectivo; todos los hemocultivos positivos de la UCI neonatal 2020-2021","Incluido 8-oct-2026 (busqueda LILACS). 156 bacterias de 161 hemocultivos positivos; K. pneumoniae 11 (7,1 %). Grafico 3: cefotaxima 54,5 % = 6/11; ceftazidima 54,5 %; ceftriaxona no reportada para K. pneumoniae. VITEK XL, CLSI M100 30.a ed. (2020). ""Resistencia"" sin aclarar si incluye intermedios. Un aislamiento por paciente no declarado."
"18","Fernández-Mogollón et al. ","HN Almanzor Aguinaga Asenjo","Chiclayo","2014","2014","Multiple (urine, blood, respiratory, wound)","102","","","","","","","","","","","","","0.814","","0.717","83","0.8137","SI","1","Ceftriaxone (non-susceptible, complement of susceptible)","http://cmhnaaa.org.pe/ojs/index.php/rcmhnaaa/article/view/141","Descriptivo retrospectivo transversal; todos los cultivos de hospitalizados del sistema VITEK en 2014 (1650 resultados)","Incluido 8-oct-2026 (busqueda LILACS). K. pneumoniae en 10 tablas por servicio y muestra (N 5, 2, 31, 1, 4, 29, 8, 2, 10, 10 = 102). Ceftriaxona: sensibles 2+1+4+0+0+7+2+0+2+1 = 19, no sensibles 83/102, derivados de porcentajes por estrato. Base de laboratorio sin eliminar repetidos; estandar de puntos de corte no declarado. BLEE 71,7 % (texto). Emergencia (12 orina, 5 sangre) sin tabla de sensibilidad de K. pneumoniae: no entran."
"19","Méndez Chacón et al. ","HN Edgardo Rebagliati Martins","Lima","2002–2011","2007","Urine","23","","","","","","","","","","","","","","","0.652","15","0.6522","SI","3","ESBL phenotype (proxy, tier 3)","https://doi.org/10.15381/anales.v78i1.13015","Cohorte retrospectiva de receptores de trasplante renal (304 pacientes, 2002-2011); 215 episodios de ITU con urocultivo positivo","Incluido 8-oct-2026 (busqueda LILACS). Poblacion especial (trasplantados renales). 23 cepas de K. pneumoniae por episodio (un paciente puede repetir); BLEE 15/23 = 65 %. Sin resultado por cefalosporina. Metodo de deteccion de BLEE no descrito."
