"estudio","anio","i1","i2","i3","i4","i5","i6","i7","i8","i9"
"Luján-Roca et al. (2003)",2003,"Y","Y","U","U","Y","Y","Y","Y","NA"
"García et al. (2008-2009)",2009,"Y","Y","Y","U","Y","Y","Y","Y","NA"
"García et al. (2008-2011)",2010,"Y","Y","Y","U","Y","Y","Y","Y","NA"
"Flores-Paredes et al. (2009-2014)",2012,"Y","Y","Y","U","Y","Y","N","Y","NA"
"Gonzales et al. (2012-2013)",2012,"Y","Y","Y","U","Y","U","Y","Y","NA"
"Miranda et al. (2014-2016)",2015,"Y","Y","Y","Y","Y","Y","Y","Y","NA"
"Falconí-Sarmiento et al. (2016)",2016,"Y","Y","U","Y","Y","U","Y","Y","NA"
"Pérez-Lazo et al. (2015-2018)",2017,"Y","Y","Y","N","Y","Y","Y","Y","NA"
"Krapp et al. (2017-2019)",2018,"Y","Y","Y","Y","Y","Y","Y","Y","Y"
"Quispe et al. (2017-2018)",2018,"Y","Y","U","Y","U","Y","Y","Y","NA"
"Rondon et al. (2019)",2019,"Y","Y","U","Y","Y","Y","N","Y","NA"
"Chilón-Chávez et al. (2019-2020)",2019,"Y","Y","U","Y","U","Y","Y","Y","NA"
"Morales et al. (2000)",2000,"Y","Y","U","U","Y","Y","Y","Y","NA"
"Méndez Chacón et al. (2002-2011)",2007,"Y","Y","U","Y","Y","U","U","Y","NA"
"Fernández-Mogollón et al. (2014)",2014,"Y","Y","Y","U","U","Y","U","U","NA"
"Sosa-Flores et al. (2020-2021)",2021,"Y","Y","U","Y","Y","Y","Y","Y","NA"
