"analisis","k","N","casos","prev","ic_inf","ic_sup","I2","tau2","pi_inf","pi_sup","nota"
"3GC principal",11,3383,2382,0.63312126987844,0.537322725023521,0.719441335095296,0.944462577414016,0.378862863915981,0.289492862618618,0.879648905850993,"Q p = 2.278e-33"
"Egger (estadístico t; p)",11,NA,NA,-1.32996189196456,NA,NA,NA,NA,NA,NA,"p = 0.216"
"Leave-one-out (rango de prevalencia)",11,NA,NA,NA,0.608712100496488,0.657103190213448,0.895876346254056,0.949998480666633,NA,NA,"ic_inf/ic_sup = prev min/max; I2/tau2 = I2 min/max"
"Solo Lima",8,3166,2241,0.617087819564376,0.497845776673092,0.723727711882511,0.958282324445467,0.432548806940082,0.234198001591855,0.894652228668185,NA
"Cefotaxima (por antibiótico)",4,1485,1127,0.621685176057269,0.425030146732137,0.785088765925415,0.950311740077107,0.587681046091385,0.0939469819445393,0.963023008007436,NA
"TMP-SMX",5,1806,1299,0.718475921798167,0.697226361443067,0.738792842970605,0.162764430723136,1.13270212985748e-06,0.688104957034544,0.74697695785774,NA
"Ciprofloxacino",8,3142,2224,0.651347086395269,0.583275520827822,0.713756110234723,0.872505259984941,0.129465937708559,0.426925417521207,0.824094463197239,NA
"Carbapenémicos",8,3142,121,0.0250454482683851,0.00627229084310222,0.0946551253580661,0.79171358084929,3.3056045145248,0.000252868117201669,0.722919957105041,NA
"Meta-regresión año (β logit/año; p)",11,NA,NA,0.0418728458713385,-0.046264359579855,0.130010051322532,94.2271009033152,0.403896997919404,NA,NA,"p = 0.352; R2 = 0.0%"
"Meta-regresión BLEE (nivel 1-2; β; p)",6,NA,NA,1.7799728967881,-1.26485902812431,4.82480482170051,92.2854049775029,0.18569393087195,NA,NA,"p = 0.252"
"Multivariada sangre vs orina (β logit; p)",8,NA,NA,0.973483114272141,0.535151667186723,1.41181456135756,25.5254342326632,0.0274323238214866,NA,NA,"p = 0.0000; año β = -0.0028 (p = 0.897)"
